Date,home.team,away.team,home_scores,away_scores
25-Aug-19,Port Adelaide,Fremantle,110,67
25-Aug-19,Richmond,Brisbane,82,55
25-Aug-19,Western Bulldogs,Adelaide,121,87
24-Aug-19,West Coast,Hawthorn,67,105
24-Aug-19,Gold Coast,GWS Giants,55,127
24-Aug-19,Geelong,Carlton,129,61
24-Aug-19,North Melbourne,Melbourne,88,83
24-Aug-19,Sydney,St Kilda,109,64
23-Aug-19,Collingwood,Essendon,76,65
18-Aug-19,Hawthorn,Gold Coast,118,48
18-Aug-19,GWS Giants,Western Bulldogs,65,126
18-Aug-19,Richmond,West Coast,88,82
17-Aug-19,Fremantle,Essendon,55,87
17-Aug-19,North Melbourne,Port Adelaide,144,58
17-Aug-19,Adelaide,Collingwood,48,114
17-Aug-19,Brisbane,Geelong,75,74
17-Aug-19,Carlton,St Kilda,78,68
16-Aug-19,Melbourne,Sydney,42,95
11-Aug-19,West Coast,Adelaide,90,80
11-Aug-19,Richmond,Carlton,73,45
11-Aug-19,St Kilda,Fremantle,72,69
10-Aug-19,Essendon,Western Bulldogs,33,137
10-Aug-19,Geelong,North Melbourne,69,14
10-Aug-19,Brisbane,Gold Coast,144,53
10-Aug-19,Port Adelaide,Sydney,103,56
10-Aug-19,Melbourne,Collingwood,53,70
09-Aug-19,GWS Giants,Hawthorn,29,85
04-Aug-19,Brisbane,Western Bulldogs,98,80
04-Aug-19,Carlton,West Coast,75,99
04-Aug-19,Collingwood,Gold Coast,120,51
03-Aug-19,Adelaide,St Kilda,92,70
03-Aug-19,Melbourne,Richmond,60,93
03-Aug-19,Fremantle,Geelong,95,61
03-Aug-19,GWS Giants,Sydney,83,81
03-Aug-19,Essendon,Port Adelaide,67,126
02-Aug-19,North Melbourne,Hawthorn,86,64
28-Jul-19,Gold Coast,Essendon,96,106
28-Jul-19,Sydney,Geelong,80,107
28-Jul-19,Western Bulldogs,Fremantle,113,66
27-Jul-19,Port Adelaide,GWS Giants,55,56
27-Jul-19,St Kilda,Melbourne,104,85
27-Jul-19,West Coast,North Melbourne,121,72
27-Jul-19,Carlton,Adelaide,87,60
27-Jul-19,Hawthorn,Brisbane,60,87
26-Jul-19,Collingwood,Richmond,66,98
21-Jul-19,St Kilda,Western Bulldogs,116,89
21-Jul-19,Melbourne,West Coast,78,91
21-Jul-19,Geelong,Hawthorn,61,85
20-Jul-19,Fremantle,Sydney,52,51
20-Jul-19,Brisbane,North Melbourne,87,75
20-Jul-19,GWS Giants,Collingwood,122,75
20-Jul-19,Carlton,Gold Coast,99,75
20-Jul-19,Richmond,Port Adelaide,101,63
19-Jul-19,Adelaide,Essendon,75,96
14-Jul-19,Port Adelaide,Brisbane,49,97
14-Jul-19,Western Bulldogs,Melbourne,74,66
14-Jul-19,Richmond,GWS Giants,94,67
13-Jul-19,Geelong,St Kilda,84,57
13-Jul-19,Gold Coast,Adelaide,56,151
13-Jul-19,Essendon,North Melbourne,86,81
13-Jul-19,Hawthorn,Fremantle,84,53
13-Jul-19,Sydney,Carlton,62,69
12-Jul-19,West Coast,Collingwood,77,78
07-Jul-19,GWS Giants,Brisbane,74,94
07-Jul-19,North Melbourne,St Kilda,112,73
07-Jul-19,Carlton,Melbourne,100,105
06-Jul-19,Fremantle,West Coast,31,122
06-Jul-19,Western Bulldogs,Geelong,71,55
06-Jul-19,Adelaide,Port Adelaide,44,101
06-Jul-19,Gold Coast,Richmond,58,150
06-Jul-19,Essendon,Sydney,76,66
05-Jul-19,Hawthorn,Collingwood,67,63
30-Jun-19,Fremantle,Carlton,75,79
30-Jun-19,Brisbane,Melbourne,107,74
30-Jun-19,St Kilda,Richmond,70,103
29-Jun-19,Port Adelaide,Western Bulldogs,41,66
29-Jun-19,Collingwood,North Melbourne,37,81
29-Jun-19,Sydney,Gold Coast,93,51
29-Jun-19,Hawthorn,West Coast,71,77
28-Jun-19,Geelong,Adelaide,96,69
27-Jun-19,Essendon,GWS Giants,77,71
23-Jun-19,Western Bulldogs,Collingwood,73,82
22-Jun-19,Port Adelaide,Geelong,67,56
22-Jun-19,St Kilda,Brisbane,59,115
22-Jun-19,Melbourne,Fremantle,85,71
21-Jun-19,Sydney,Hawthorn,82,63
20-Jun-19,West Coast,Essendon,106,71
16-Jun-19,North Melbourne,GWS Giants,68,91
15-Jun-19,Carlton,Western Bulldogs,100,103
15-Jun-19,Fremantle,Port Adelaide,100,79
15-Jun-19,Gold Coast,St Kilda,76,80
14-Jun-19,Essendon,Hawthorn,96,77
13-Jun-19,Adelaide,Richmond,101,68
10-Jun-19,Collingwood,Melbourne,98,57
09-Jun-19,Sydney,West Coast,116,71
08-Jun-19,Adelaide,GWS Giants,82,61
08-Jun-19,Gold Coast,North Melbourne,72,99
08-Jun-19,Carlton,Brisbane,78,63
07-Jun-19,Richmond,Geelong,37,104
02-Jun-19,West Coast,Western Bulldogs,133,72
02-Jun-19,Essendon,Carlton,74,33
02-Jun-19,St Kilda,Port Adelaide,69,139
01-Jun-19,Melbourne,Adelaide,88,90
01-Jun-19,Brisbane,Hawthorn,85,66
01-Jun-19,Geelong,Sydney,85,63
01-Jun-19,Collingwood,Fremantle,75,79
01-Jun-19,GWS Giants,Gold Coast,126,43
31-May-19,North Melbourne,Richmond,99,62
26-May-19,Fremantle,Brisbane,73,72
26-May-19,St Kilda,Carlton,68,55
26-May-19,Melbourne,GWS Giants,68,94
25-May-19,Gold Coast,Geelong,64,91
25-May-19,Richmond,Essendon,73,50
25-May-19,Adelaide,West Coast,73,85
25-May-19,Western Bulldogs,North Melbourne,90,115
25-May-19,Hawthorn,Port Adelaide,80,49
24-May-19,Sydney,Collingwood,73,80
19-May-19,GWS Giants,Carlton,138,45
19-May-19,Richmond,Hawthorn,95,59
19-May-19,Port Adelaide,Gold Coast,89,51
18-May-19,Essendon,Fremantle,60,53
18-May-19,North Melbourne,Sydney,72,77
18-May-19,Geelong,Western Bulldogs,133,89
18-May-19,Brisbane,Adelaide,93,92
18-May-19,Collingwood,St Kilda,112,71
17-May-19,West Coast,Melbourne,85,69
12-May-19,Fremantle,Richmond,86,111
12-May-19,Hawthorn,GWS Giants,71,38
12-May-19,North Melbourne,Geelong,80,104
11-May-19,Port Adelaide,Adelaide,68,88
11-May-19,St Kilda,West Coast,70,88
11-May-19,Gold Coast,Melbourne,60,61
11-May-19,Carlton,Collingwood,87,106
11-May-19,Western Bulldogs,Brisbane,92,76
10-May-19,Sydney,Essendon,77,72
05-May-19,Adelaide,Fremantle,51,34
05-May-19,Geelong,Essendon,86,54
05-May-19,Carlton,North Melbourne,62,120
04-May-19,West Coast,Gold Coast,80,57
04-May-19,Western Bulldogs,Richmond,99,52
04-May-19,Brisbane,Sydney,103,81
04-May-19,GWS Giants,St Kilda,114,70
04-May-19,Melbourne,Hawthorn,79,74
03-May-19,Collingwood,Port Adelaide,108,69
28-Apr-19,Geelong,West Coast,104,46
28-Apr-19,Hawthorn,Carlton,93,88
27-Apr-19,Fremantle,Western Bulldogs,88,69
27-Apr-19,Sydney,GWS Giants,79,120
27-Apr-19,St Kilda,Adelaide,68,97
27-Apr-19,Gold Coast,Brisbane,62,111
26-Apr-19,Port Adelaide,North Melbourne,88,72
25-Apr-19,Essendon,Collingwood,69,73
24-Apr-19,Richmond,Melbourne,85,42
22-Apr-19,Hawthorn,Geelong,90,113
21-Apr-19,Adelaide,Gold Coast,119,46
21-Apr-19,Western Bulldogs,Carlton,57,101
20-Apr-19,Richmond,Sydney,89,67
20-Apr-19,Melbourne,St Kilda,55,95
20-Apr-19,GWS Giants,Fremantle,82,106
19-Apr-19,West Coast,Port Adelaide,53,95
19-Apr-19,North Melbourne,Essendon,58,116
18-Apr-19,Brisbane,Collingwood,61,123
14-Apr-19,St Kilda,Hawthorn,74,69
14-Apr-19,Gold Coast,Carlton,59,57
13-Apr-19,West Coast,Fremantle,69,56
13-Apr-19,North Melbourne,Adelaide,71,59
13-Apr-19,Port Adelaide,Richmond,92,99
13-Apr-19,Essendon,Brisbane,112,65
13-Apr-19,Geelong,GWS Giants,75,79
12-Apr-19,Collingwood,Western Bulldogs,78,64
11-Apr-19,Sydney,Melbourne,78,100
07-Apr-19,Fremantle,St Kilda,71,66
07-Apr-19,Hawthorn,North Melbourne,87,71
07-Apr-19,Western Bulldogs,Gold Coast,68,73
06-Apr-19,Brisbane,Port Adelaide,107,90
06-Apr-19,Collingwood,West Coast,76,98
06-Apr-19,GWS Giants,Richmond,125,76
06-Apr-19,Carlton,Sydney,74,93
05-Apr-19,Melbourne,Essendon,112,130
04-Apr-19,Adelaide,Geelong,75,99
31-Mar-19,Gold Coast,Fremantle,61,58
31-Mar-19,Hawthorn,Western Bulldogs,87,106
31-Mar-19,North Melbourne,Brisbane,87,107
30-Mar-19,West Coast,GWS Giants,104,52
30-Mar-19,Geelong,Melbourne,126,46
30-Mar-19,Port Adelaide,Carlton,88,72
30-Mar-19,Essendon,St Kilda,65,76
29-Mar-19,Sydney,Adelaide,62,88
28-Mar-19,Richmond,Collingwood,66,110
24-Mar-19,Fremantle,North Melbourne,141,59
24-Mar-19,GWS Giants,Essendon,112,40
24-Mar-19,St Kilda,Gold Coast,85,84
23-Mar-19,Brisbane,West Coast,102,58
23-Mar-19,Western Bulldogs,Sydney,82,65
23-Mar-19,Adelaide,Hawthorn,55,87
23-Mar-19,Melbourne,Port Adelaide,61,87
22-Mar-19,Collingwood,Geelong,65,72
21-Mar-19,Carlton,Richmond,64,97
26-Aug-18,St Kilda,North Melbourne,94,117
26-Aug-18,Melbourne,GWS Giants,102,57
26-Aug-18,Brisbane,West Coast,72,98
25-Aug-18,Carlton,Adelaide,61,165
25-Aug-18,Sydney,Hawthorn,74,83
25-Aug-18,Fremantle,Collingwood,67,76
25-Aug-18,Richmond,Western Bulldogs,98,95
25-Aug-18,Geelong,Gold Coast,142,40
24-Aug-18,Port Adelaide,Essendon,89,111
19-Aug-18,Adelaide,North Melbourne,86,77
19-Aug-18,West Coast,Melbourne,91,108
19-Aug-18,Carlton,Western Bulldogs,49,66
18-Aug-18,Gold Coast,Brisbane,74,78
18-Aug-18,St Kilda,Hawthorn,76,80
18-Aug-18,GWS Giants,Sydney,60,80
18-Aug-18,Geelong,Fremantle,158,25
18-Aug-18,Collingwood,Port Adelaide,115,64
17-Aug-18,Richmond,Essendon,81,73
12-Aug-18,Fremantle,Carlton,101,72
12-Aug-18,Melbourne,Sydney,78,87
12-Aug-18,North Melbourne,Western Bulldogs,85,92
11-Aug-18,Collingwood,Brisbane,104,73
11-Aug-18,GWS Giants,Adelaide,106,92
11-Aug-18,Port Adelaide,West Coast,58,62
11-Aug-18,Gold Coast,Richmond,51,125
11-Aug-18,Hawthorn,Geelong,71,60
10-Aug-18,Essendon,St Kilda,122,79
05-Aug-18,West Coast,Fremantle,142,84
05-Aug-18,Melbourne,Gold Coast,143,47
05-Aug-18,Carlton,GWS Giants,46,151
04-Aug-18,St Kilda,Western Bulldogs,68,103
04-Aug-18,Sydney,Collingwood,73,71
04-Aug-18,Adelaide,Port Adelaide,96,93
04-Aug-18,Brisbane,North Melbourne,104,107
04-Aug-18,Hawthorn,Essendon,107,103
03-Aug-18,Richmond,Geelong,85,82
29-Jul-18,Fremantle,Hawthorn,53,112
29-Jul-18,Western Bulldogs,Port Adelaide,34,78
29-Jul-18,North Melbourne,West Coast,81,41
28-Jul-18,Adelaide,Melbourne,77,90
28-Jul-18,Gold Coast,Carlton,44,79
28-Jul-18,GWS Giants,St Kilda,86,61
28-Jul-18,Geelong,Brisbane,120,78
28-Jul-18,Richmond,Collingwood,105,77
27-Jul-18,Essendon,Sydney,109,66
22-Jul-18,Port Adelaide,GWS Giants,58,80
22-Jul-18,West Coast,Western Bulldogs,100,46
22-Jul-18,Carlton,Hawthorn,52,124
21-Jul-18,Brisbane,Adelaide,88,93
21-Jul-18,Geelong,Melbourne,100,98
21-Jul-18,Essendon,Fremantle,99,70
21-Jul-18,Sydney,Gold Coast,64,88
21-Jul-18,Collingwood,North Melbourne,130,64
20-Jul-18,St Kilda,Richmond,57,111
15-Jul-18,Fremantle,Port Adelaide,59,50
15-Jul-18,North Melbourne,Sydney,98,104
15-Jul-18,Collingwood,West Coast,67,102
14-Jul-18,Gold Coast,Essendon,51,95
14-Jul-18,GWS Giants,Richmond,79,77
14-Jul-18,Melbourne,Western Bulldogs,119,69
14-Jul-18,Hawthorn,Brisbane,65,98
13-Jul-18,St Kilda,Carlton,116,52
12-Jul-18,Adelaide,Geelong,112,97
08-Jul-18,West Coast,GWS Giants,86,75
08-Jul-18,Essendon,Collingwood,62,78
08-Jul-18,North Melbourne,Gold Coast,95,58
07-Jul-18,Melbourne,Fremantle,102,48
07-Jul-18,Western Bulldogs,Hawthorn,59,122
07-Jul-18,Port Adelaide,St Kilda,86,50
07-Jul-18,Brisbane,Carlton,120,55
06-Jul-18,Richmond,Adelaide,103,56
05-Jul-18,Sydney,Geelong,59,71
01-Jul-18,Fremantle,Brisbane,64,119
01-Jul-18,Essendon,North Melbourne,125,108
01-Jul-18,Melbourne,St Kilda,117,119
30-Jun-18,Gold Coast,Collingwood,60,99
30-Jun-18,GWS Giants,Hawthorn,95,84
30-Jun-18,Adelaide,West Coast,88,78
30-Jun-18,Carlton,Port Adelaide,69,90
29-Jun-18,Western Bulldogs,Geelong,103,101
28-Jun-18,Richmond,Sydney,93,67
24-Jun-18,Collingwood,Carlton,79,59
23-Jun-18,Western Bulldogs,North Melbourne,75,77
23-Jun-18,Brisbane,GWS Giants,82,109
23-Jun-18,Hawthorn,Gold Coast,96,43
22-Jun-18,Port Adelaide,Melbourne,75,65
21-Jun-18,West Coast,Essendon,52,80
17-Jun-18,Geelong,Richmond,65,83
16-Jun-18,Hawthorn,Adelaide,88,32
16-Jun-18,Gold Coast,St Kilda,78,80
16-Jun-18,Carlton,Fremantle,46,103
15-Jun-18,Sydney,West Coast,72,57
14-Jun-18,Port Adelaide,Western Bulldogs,132,75
11-Jun-18,Melbourne,Collingwood,91,133
10-Jun-18,Fremantle,Adelaide,71,68
10-Jun-18,Brisbane,Essendon,62,84
09-Jun-18,St Kilda,Sydney,55,126
09-Jun-18,GWS Giants,Gold Coast,134,26
09-Jun-18,Geelong,North Melbourne,96,59
08-Jun-18,Port Adelaide,Richmond,72,58
03-Jun-18,Adelaide,GWS Giants,81,97
03-Jun-18,Collingwood,Fremantle,138,77
03-Jun-18,North Melbourne,Brisbane,141,87
02-Jun-18,West Coast,St Kilda,101,88
02-Jun-18,Essendon,Richmond,43,114
02-Jun-18,Gold Coast,Geelong,36,121
02-Jun-18,Hawthorn,Port Adelaide,64,61
02-Jun-18,Western Bulldogs,Melbourne,51,100
01-Jun-18,Sydney,Carlton,91,61
27-May-18,Fremantle,North Melbourne,58,86
27-May-18,Melbourne,Adelaide,146,55
27-May-18,Hawthorn,West Coast,60,75
26-May-18,Geelong,Carlton,73,45
26-May-18,GWS Giants,Essendon,60,95
26-May-18,Brisbane,Sydney,49,67
26-May-18,Richmond,St Kilda,105,77
25-May-18,Collingwood,Western Bulldogs,90,55
20-May-18,West Coast,Richmond,130,83
20-May-18,Brisbane,Hawthorn,129,73
20-May-18,Carlton,Melbourne,50,159
19-May-18,St Kilda,Collingwood,72,100
19-May-18,Sydney,Fremantle,111,52
19-May-18,Essendon,Geelong,84,50
19-May-18,Gold Coast,Port Adelaide,42,82
19-May-18,North Melbourne,GWS Giants,112,69
18-May-18,Adelaide,Western Bulldogs,63,26
13-May-18,Collingwood,Geelong,45,66
13-May-18,North Melbourne,Richmond,72,82
12-May-18,Fremantle,St Kilda,89,59
12-May-18,Western Bulldogs,Brisbane,107,93
12-May-18,Port Adelaide,Adelaide,95,90
12-May-18,Gold Coast,Melbourne,77,146
12-May-18,Carlton,Essendon,91,78
12-May-18,GWS Giants,West Coast,61,86
11-May-18,Hawthorn,Sydney,71,79
06-May-18,Brisbane,Collingwood,114,121
06-May-18,St Kilda,Melbourne,67,106
06-May-18,Richmond,Fremantle,110,33
05-May-18,Adelaide,Carlton,125,70
05-May-18,Sydney,North Melbourne,66,68
05-May-18,West Coast,Port Adelaide,102,60
05-May-18,Essendon,Hawthorn,67,90
05-May-18,Western Bulldogs,Gold Coast,81,72
04-May-18,Geelong,GWS Giants,93,32
29-Apr-18,Fremantle,West Coast,81,89
29-Apr-18,Collingwood,Richmond,70,113
29-Apr-18,Essendon,Melbourne,72,108
28-Apr-18,Adelaide,Gold Coast,110,62
28-Apr-18,Hawthorn,St Kilda,89,54
28-Apr-18,GWS Giants,Brisbane,77,43
28-Apr-18,North Melbourne,Port Adelaide,69,102
28-Apr-18,Geelong,Sydney,69,86
27-Apr-18,Western Bulldogs,Carlton,80,59
25-Apr-18,Collingwood,Essendon,101,52
24-Apr-18,Melbourne,Richmond,56,102
22-Apr-18,Brisbane,Gold Coast,71,76
22-Apr-18,North Melbourne,Hawthorn,98,70
21-Apr-18,Fremantle,Western Bulldogs,108,54
21-Apr-18,Port Adelaide,Geelong,50,84
21-Apr-18,Carlton,West Coast,69,79
21-Apr-18,St Kilda,GWS Giants,73,73
20-Apr-18,Sydney,Adelaide,75,85
15-Apr-18,Geelong,St Kilda,103,56
15-Apr-18,Hawthorn,Melbourne,115,48
15-Apr-18,Essendon,Port Adelaide,106,84
14-Apr-18,West Coast,Gold Coast,139,59
14-Apr-18,North Melbourne,Carlton,116,30
14-Apr-18,Western Bulldogs,Sydney,79,86
14-Apr-18,Richmond,Brisbane,110,17
14-Apr-18,GWS Giants,Fremantle,82,51
13-Apr-18,Adelaide,Collingwood,58,106
08-Apr-18,West Coast,Geelong,95,80
08-Apr-18,Western Bulldogs,Essendon,104,83
08-Apr-18,Richmond,Hawthorn,102,89
07-Apr-18,St Kilda,Adelaide,55,104
07-Apr-18,Sydney,GWS Giants,103,87
07-Apr-18,Gold Coast,Fremantle,68,96
07-Apr-18,Melbourne,North Melbourne,123,86
07-Apr-18,Port Adelaide,Brisbane,97,92
06-Apr-18,Carlton,Collingwood,76,100
02-Apr-18,Geelong,Hawthorn,117,118
01-Apr-18,Sydney,Port Adelaide,71,94
01-Apr-18,Western Bulldogs,West Coast,70,121
31-Mar-18,Fremantle,Essendon,106,90
31-Mar-18,Brisbane,Melbourne,74,100
31-Mar-18,Collingwood,GWS Giants,79,95
31-Mar-18,Carlton,Gold Coast,67,101
30-Mar-18,North Melbourne,St Kilda,95,43
29-Mar-18,Adelaide,Richmond,118,82
25-Mar-18,West Coast,Sydney,86,115
25-Mar-18,Melbourne,Geelong,94,97
25-Mar-18,GWS Giants,Western Bulldogs,133,51
24-Mar-18,Gold Coast,North Melbourne,55,39
24-Mar-18,Hawthorn,Collingwood,101,67
24-Mar-18,Port Adelaide,Fremantle,110,60
24-Mar-18,St Kilda,Brisbane,107,82
23-Mar-18,Essendon,Adelaide,99,87
22-Mar-18,Richmond,Carlton,121,95
27-Aug-17,West Coast,Adelaide,100,71
27-Aug-17,Richmond,St Kilda,122,81
27-Aug-17,Essendon,Fremantle,107,92
26-Aug-17,Port Adelaide,Gold Coast,135,20
26-Aug-17,Geelong,GWS Giants,103,59
26-Aug-17,Sydney,Carlton,138,57
26-Aug-17,Brisbane,North Melbourne,79,130
26-Aug-17,Collingwood,Melbourne,99,83
25-Aug-17,Hawthorn,Western Bulldogs,99,90
20-Aug-17,Fremantle,Richmond,51,155
20-Aug-17,St Kilda,North Melbourne,127,78
20-Aug-17,Melbourne,Brisbane,104,91
19-Aug-17,Carlton,Hawthorn,77,70
19-Aug-17,Gold Coast,Essendon,57,90
19-Aug-17,GWS Giants,West Coast,81,60
19-Aug-17,Collingwood,Geelong,59,70
19-Aug-17,Western Bulldogs,Port Adelaide,79,96
18-Aug-17,Adelaide,Sydney,80,83
13-Aug-17,Port Adelaide,Collingwood,98,71
13-Aug-17,Hawthorn,North Melbourne,116,89
13-Aug-17,Melbourne,St Kilda,96,72
12-Aug-17,West Coast,Carlton,100,83
12-Aug-17,Essendon,Adelaide,80,123
12-Aug-17,Brisbane,Gold Coast,142,84
12-Aug-17,Geelong,Richmond,80,66
12-Aug-17,Sydney,Fremantle,143,39
11-Aug-17,Western Bulldogs,GWS Giants,57,105
06-Aug-17,Adelaide,Port Adelaide,130,46
06-Aug-17,Richmond,Hawthorn,93,64
06-Aug-17,St Kilda,West Coast,103,95
05-Aug-17,Fremantle,Gold Coast,90,67
05-Aug-17,North Melbourne,Collingwood,57,111
05-Aug-17,Brisbane,Western Bulldogs,89,103
05-Aug-17,Essendon,Carlton,84,76
05-Aug-17,GWS Giants,Melbourne,97,62
04-Aug-17,Geelong,Sydney,61,107
30-Jul-17,West Coast,Brisbane,113,45
30-Jul-17,Collingwood,Adelaide,103,103
30-Jul-17,Western Bulldogs,Essendon,127,97
29-Jul-17,Carlton,Geelong,58,123
29-Jul-17,Gold Coast,Richmond,65,98
29-Jul-17,Port Adelaide,St Kilda,63,61
29-Jul-17,GWS Giants,Fremantle,98,86
29-Jul-17,North Melbourne,Melbourne,76,72
28-Jul-17,Hawthorn,Sydney,72,66
23-Jul-17,Brisbane,Carlton,112,82
23-Jul-17,Collingwood,West Coast,93,85
23-Jul-17,Richmond,GWS Giants,64,45
22-Jul-17,Fremantle,Hawthorn,48,100
22-Jul-17,Sydney,St Kilda,101,59
22-Jul-17,Western Bulldogs,Gold Coast,110,56
22-Jul-17,Melbourne,Port Adelaide,88,65
22-Jul-17,Essendon,North Melbourne,132,105
21-Jul-17,Adelaide,Geelong,91,70
16-Jul-17,Fremantle,West Coast,44,74
16-Jul-17,Carlton,Western Bulldogs,62,82
16-Jul-17,Richmond,Brisbane,112,81
15-Jul-17,Melbourne,Adelaide,70,116
15-Jul-17,GWS Giants,Sydney,83,96
15-Jul-17,Gold Coast,Collingwood,88,103
15-Jul-17,Port Adelaide,North Melbourne,127,57
15-Jul-17,Geelong,Hawthorn,88,85
14-Jul-17,St Kilda,Essendon,57,118
09-Jul-17,West Coast,Port Adelaide,88,120
09-Jul-17,Carlton,Melbourne,82,90
09-Jul-17,North Melbourne,Fremantle,82,86
08-Jul-17,Brisbane,Geelong,78,163
08-Jul-17,St Kilda,Richmond,138,71
08-Jul-17,Sydney,Gold Coast,118,51
08-Jul-17,Collingwood,Essendon,80,117
08-Jul-17,Hawthorn,GWS Giants,97,97
07-Jul-17,Adelaide,Western Bulldogs,104,45
02-Jul-17,Fremantle,St Kilda,80,89
02-Jul-17,Hawthorn,Collingwood,118,94
02-Jul-17,Essendon,Brisbane,82,90
01-Jul-17,Port Adelaide,Richmond,63,76
01-Jul-17,GWS Giants,Geelong,68,68
01-Jul-17,Gold Coast,North Melbourne,118,99
01-Jul-17,Carlton,Adelaide,77,89
01-Jul-17,Western Bulldogs,West Coast,80,87
30-Jun-17,Melbourne,Sydney,50,85
25-Jun-17,St Kilda,Gold Coast,103,72
25-Jun-17,Richmond,Carlton,84,58
25-Jun-17,Geelong,Fremantle,74,72
24-Jun-17,West Coast,Melbourne,96,99
24-Jun-17,Western Bulldogs,North Melbourne,107,106
24-Jun-17,Brisbane,GWS Giants,86,146
24-Jun-17,Collingwood,Port Adelaide,62,93
23-Jun-17,Sydney,Essendon,86,85
22-Jun-17,Adelaide,Hawthorn,82,96
18-Jun-17,Western Bulldogs,Melbourne,56,113
17-Jun-17,Gold Coast,Carlton,73,83
17-Jun-17,Port Adelaide,Brisbane,121,81
17-Jun-17,Richmond,Sydney,71,80
16-Jun-17,North Melbourne,St Kilda,72,89
15-Jun-17,West Coast,Geelong,83,70
12-Jun-17,Melbourne,Collingwood,104,100
11-Jun-17,Carlton,GWS Giants,71,70
10-Jun-17,Essendon,Port Adelaide,131,61
10-Jun-17,Brisbane,Fremantle,121,64
10-Jun-17,Hawthorn,Gold Coast,79,95
09-Jun-17,Adelaide,St Kilda,111,54
08-Jun-17,Sydney,Western Bulldogs,88,42
04-Jun-17,Fremantle,Collingwood,85,105
03-Jun-17,North Melbourne,Richmond,66,101
03-Jun-17,GWS Giants,Essendon,117,101
03-Jun-17,Gold Coast,West Coast,80,77
02-Jun-17,Geelong,Adelaide,96,74
01-Jun-17,Port Adelaide,Hawthorn,98,47
28-May-17,West Coast,GWS Giants,90,98
28-May-17,Carlton,North Melbourne,96,113
28-May-17,Collingwood,Brisbane,129,84
27-May-17,Adelaide,Fremantle,143,43
27-May-17,Richmond,Essendon,81,66
27-May-17,Melbourne,Gold Coast,122,87
27-May-17,Western Bulldogs,St Kilda,90,50
26-May-17,Sydney,Hawthorn,75,81
25-May-17,Geelong,Port Adelaide,81,79
21-May-17,Fremantle,Carlton,86,51
21-May-17,Melbourne,North Melbourne,90,104
21-May-17,Essendon,West Coast,125,64
20-May-17,Brisbane,Adelaide,60,140
20-May-17,Collingwood,Hawthorn,90,72
20-May-17,GWS Giants,Richmond,78,75
20-May-17,St Kilda,Sydney,68,118
19-May-17,Geelong,Western Bulldogs,104,81
14-May-17,North Melbourne,Sydney,78,120
14-May-17,Gold Coast,Port Adelaide,38,110
14-May-17,Richmond,Fremantle,70,72
13-May-17,Adelaide,Melbourne,66,107
13-May-17,Essendon,Geelong,110,93
13-May-17,GWS Giants,Collingwood,102,99
13-May-17,St Kilda,Carlton,85,66
13-May-17,Hawthorn,Brisbane,113,75
12-May-17,West Coast,Western Bulldogs,69,61
07-May-17,Fremantle,Essendon,116,79
07-May-17,Melbourne,Hawthorn,91,94
07-May-17,Sydney,Brisbane,135,81
06-May-17,Gold Coast,Geelong,124,99
06-May-17,Western Bulldogs,Richmond,80,75
06-May-17,Port Adelaide,West Coast,87,97
06-May-17,Collingwood,Carlton,56,79
06-May-17,North Melbourne,Adelaide,145,86
05-May-17,St Kilda,GWS Giants,108,85
30-Apr-17,Adelaide,Richmond,140,64
30-Apr-17,Geelong,Collingwood,78,107
30-Apr-17,Essendon,Melbourne,74,112
29-Apr-17,West Coast,Fremantle,103,62
29-Apr-17,North Melbourne,Gold Coast,107,94
29-Apr-17,Brisbane,Port Adelaide,67,150
29-Apr-17,Carlton,Sydney,97,78
29-Apr-17,Hawthorn,St Kilda,55,130
28-Apr-17,GWS Giants,Western Bulldogs,75,73
25-Apr-17,Essendon,Collingwood,100,82
24-Apr-17,Richmond,Melbourne,88,75
23-Apr-17,Hawthorn,West Coast,125,75
23-Apr-17,St Kilda,Geelong,88,126
22-Apr-17,Fremantle,North Melbourne,67,62
22-Apr-17,Sydney,GWS Giants,63,105
22-Apr-17,Gold Coast,Adelaide,86,153
22-Apr-17,Western Bulldogs,Brisbane,122,90
21-Apr-17,Port Adelaide,Carlton,137,47
17-Apr-17,Hawthorn,Geelong,48,134
16-Apr-17,Brisbane,Richmond,67,119
16-Apr-17,Collingwood,St Kilda,55,69
15-Apr-17,Adelaide,Essendon,153,88
15-Apr-17,Carlton,Gold Coast,82,108
15-Apr-17,GWS Giants,Port Adelaide,112,81
15-Apr-17,Melbourne,Fremantle,104,106
14-Apr-17,North Melbourne,Western Bulldogs,86,89
13-Apr-17,West Coast,Sydney,91,65
09-Apr-17,Gold Coast,Hawthorn,139,53
09-Apr-17,Carlton,Essendon,57,42
09-Apr-17,St Kilda,Brisbane,107,76
08-Apr-17,Fremantle,Western Bulldogs,89,73
08-Apr-17,Port Adelaide,Adelaide,83,100
08-Apr-17,Geelong,Melbourne,126,97
08-Apr-17,Richmond,West Coast,76,65
08-Apr-17,North Melbourne,GWS Giants,67,109
07-Apr-17,Sydney,Collingwood,79,80
02-Apr-17,Port Adelaide,Fremantle,145,56
02-Apr-17,Melbourne,Carlton,86,64
02-Apr-17,Geelong,North Melbourne,112,111
01-Apr-17,West Coast,St Kilda,116,97
01-Apr-17,Brisbane,Essendon,84,111
01-Apr-17,GWS Giants,Gold Coast,160,58
01-Apr-17,Hawthorn,Adelaide,89,113
31-Mar-17,Western Bulldogs,Sydney,110,87
30-Mar-17,Richmond,Collingwood,99,80
26-Mar-17,Fremantle,Geelong,73,115
26-Mar-17,Adelaide,GWS Giants,147,91
26-Mar-17,North Melbourne,West Coast,93,136
25-Mar-17,Gold Coast,Brisbane,96,98
25-Mar-17,Essendon,Hawthorn,116,91
25-Mar-17,St Kilda,Melbourne,90,120
25-Mar-17,Sydney,Port Adelaide,82,110
24-Mar-17,Collingwood,Western Bulldogs,86,100
23-Mar-17,Carlton,Richmond,89,132
28-Aug-16,Fremantle,Western Bulldogs,69,49
28-Aug-16,Hawthorn,Collingwood,112,111
28-Aug-16,St Kilda,Brisbane,161,103
27-Aug-16,Gold Coast,Port Adelaide,66,89
27-Aug-16,North Melbourne,GWS Giants,63,100
27-Aug-16,Sydney,Richmond,164,51
27-Aug-16,Essendon,Carlton,103,79
27-Aug-16,Geelong,Melbourne,155,44
26-Aug-16,Adelaide,West Coast,71,100
21-Aug-16,Essendon,Western Bulldogs,53,93
21-Aug-16,Brisbane,Geelong,69,129
21-Aug-16,Carlton,Melbourne,78,58
20-Aug-16,Port Adelaide,Adelaide,94,109
20-Aug-16,Collingwood,Gold Coast,118,47
20-Aug-16,GWS Giants,Fremantle,129,37
20-Aug-16,Richmond,St Kilda,46,55
20-Aug-16,North Melbourne,Sydney,76,85
19-Aug-16,West Coast,Hawthorn,92,67
14-Aug-16,Fremantle,Adelaide,70,142
14-Aug-16,Richmond,Geelong,78,82
14-Aug-16,Essendon,Gold Coast,75,69
13-Aug-16,Port Adelaide,Melbourne,54,94
13-Aug-16,St Kilda,Sydney,76,146
13-Aug-16,GWS Giants,West Coast,96,97
13-Aug-16,Hawthorn,North Melbourne,96,57
13-Aug-16,Brisbane,Carlton,99,95
12-Aug-16,Western Bulldogs,Collingwood,95,92
07-Aug-16,Fremantle,West Coast,64,110
07-Aug-16,Geelong,Essendon,100,34
07-Aug-16,Carlton,St Kilda,51,122
06-Aug-16,Adelaide,Brisbane,177,39
06-Aug-16,Western Bulldogs,North Melbourne,61,47
06-Aug-16,Gold Coast,GWS Giants,84,92
06-Aug-16,Melbourne,Hawthorn,110,81
06-Aug-16,Sydney,Port Adelaide,100,33
05-Aug-16,Richmond,Collingwood,92,77
31-Jul-16,Adelaide,Essendon,143,61
31-Jul-16,Fremantle,Sydney,47,137
31-Jul-16,Melbourne,Gold Coast,66,64
30-Jul-16,Brisbane,Port Adelaide,79,173
30-Jul-16,North Melbourne,St Kilda,85,62
30-Jul-16,Collingwood,West Coast,91,72
30-Jul-16,Hawthorn,Carlton,74,55
30-Jul-16,GWS Giants,Richmond,111,23
29-Jul-16,Geelong,Western Bulldogs,103,78
24-Jul-16,Port Adelaide,GWS Giants,60,79
24-Jul-16,Hawthorn,Richmond,114,44
24-Jul-16,Essendon,Brisbane,91,128
23-Jul-16,Geelong,Adelaide,85,55
23-Jul-16,Western Bulldogs,St Kilda,60,75
23-Jul-16,West Coast,Melbourne,66,60
23-Jul-16,Gold Coast,Fremantle,105,81
23-Jul-16,Sydney,Carlton,74,68
22-Jul-16,Collingwood,North Melbourne,84,124
17-Jul-16,Brisbane,GWS Giants,67,146
17-Jul-16,St Kilda,Melbourne,110,74
17-Jul-16,Carlton,West Coast,75,82
16-Jul-16,Adelaide,Collingwood,97,69
16-Jul-16,Western Bulldogs,Gold Coast,107,59
16-Jul-16,North Melbourne,Port Adelaide,77,105
16-Jul-16,Richmond,Essendon,102,83
15-Jul-16,Fremantle,Geelong,61,78
14-Jul-16,Sydney,Hawthorn,70,75
10-Jul-16,Essendon,St Kilda,98,109
10-Jul-16,West Coast,North Melbourne,104,72
10-Jul-16,Carlton,Adelaide,47,107
09-Jul-16,Melbourne,Fremantle,87,55
09-Jul-16,Western Bulldogs,Richmond,85,75
09-Jul-16,Gold Coast,Brisbane,139,113
09-Jul-16,GWS Giants,Collingwood,93,125
08-Jul-16,Geelong,Sydney,60,98
07-Jul-16,Port Adelaide,Hawthorn,79,101
03-Jul-16,Melbourne,Adelaide,98,120
02-Jul-16,Carlton,Collingwood,45,57
02-Jul-16,Sydney,Western Bulldogs,79,83
02-Jul-16,Gold Coast,St Kilda,108,68
01-Jul-16,Port Adelaide,Richmond,94,56
30-Jun-16,West Coast,Essendon,130,52
26-Jun-16,Hawthorn,Gold Coast,86,60
25-Jun-16,St Kilda,Geelong,93,90
25-Jun-16,GWS Giants,Carlton,127,65
25-Jun-16,Richmond,Brisbane,117,75
24-Jun-16,Collingwood,Fremantle,85,37
23-Jun-16,Adelaide,North Melbourne,100,67
19-Jun-16,Essendon,GWS Giants,90,117
19-Jun-16,Sydney,Melbourne,86,31
18-Jun-16,Western Bulldogs,Geelong,43,100
18-Jun-16,Fremantle,Port Adelaide,86,69
18-Jun-16,Brisbane,West Coast,82,131
17-Jun-16,North Melbourne,Hawthorn,84,93
13-Jun-16,Melbourne,Collingwood,104,58
12-Jun-16,GWS Giants,Sydney,105,63
12-Jun-16,Richmond,Gold Coast,114,97
12-Jun-16,St Kilda,Carlton,110,78
11-Jun-16,West Coast,Adelaide,76,105
11-Jun-16,Geelong,North Melbourne,105,74
11-Jun-16,Brisbane,Fremantle,64,147
11-Jun-16,Port Adelaide,Western Bulldogs,97,100
10-Jun-16,Essendon,Hawthorn,43,151
05-Jun-16,Adelaide,St Kilda,133,45
05-Jun-16,Western Bulldogs,West Coast,83,75
05-Jun-16,Collingwood,Port Adelaide,58,125
04-Jun-16,Fremantle,Essendon,126,47
04-Jun-16,Gold Coast,Sydney,41,79
04-Jun-16,Geelong,GWS Giants,98,88
04-Jun-16,Carlton,Brisbane,102,64
04-Jun-16,Hawthorn,Melbourne,82,64
03-Jun-16,North Melbourne,Richmond,124,54
29-May-16,West Coast,Gold Coast,132,55
29-May-16,Collingwood,Western Bulldogs,53,74
29-May-16,Carlton,Geelong,104,85
28-May-16,Adelaide,GWS Giants,107,85
28-May-16,Essendon,Richmond,67,105
28-May-16,St Kilda,Fremantle,101,67
28-May-16,Melbourne,Port Adelaide,76,121
28-May-16,Brisbane,Hawthorn,87,135
27-May-16,Sydney,North Melbourne,91,65
22-May-16,St Kilda,Essendon,109,63
22-May-16,GWS Giants,Western Bulldogs,98,73
22-May-16,Melbourne,Brisbane,131,68
21-May-16,Fremantle,Richmond,45,83
21-May-16,North Melbourne,Carlton,113,46
21-May-16,Port Adelaide,West Coast,86,94
21-May-16,Gold Coast,Adelaide,74,149
21-May-16,Collingwood,Geelong,104,80
20-May-16,Hawthorn,Sydney,55,69
15-May-16,West Coast,St Kilda,132,29
15-May-16,Melbourne,Western Bulldogs,82,114
15-May-16,Carlton,Port Adelaide,93,91
14-May-16,Brisbane,Collingwood,65,143
14-May-16,Richmond,Sydney,101,100
14-May-16,GWS Giants,Gold Coast,149,58
14-May-16,Hawthorn,Fremantle,116,75
14-May-16,Essendon,North Melbourne,60,74
13-May-16,Adelaide,Geelong,72,98
08-May-16,Port Adelaide,Brisbane,136,59
08-May-16,St Kilda,North Melbourne,75,82
07-May-16,Fremantle,GWS Giants,77,95
07-May-16,Western Bulldogs,Adelaide,123,108
07-May-16,Gold Coast,Melbourne,87,160
07-May-16,Sydney,Essendon,135,54
07-May-16,Geelong,West Coast,123,79
07-May-16,Collingwood,Carlton,84,99
06-May-16,Richmond,Hawthorn,90,136
01-May-16,West Coast,Collingwood,124,62
01-May-16,Carlton,Essendon,72,57
01-May-16,Brisbane,Sydney,94,97
30-Apr-16,Geelong,Gold Coast,168,48
30-Apr-16,Richmond,Port Adelaide,59,94
30-Apr-16,GWS Giants,Hawthorn,158,83
30-Apr-16,Adelaide,Fremantle,97,64
30-Apr-16,Melbourne,St Kilda,96,135
29-Apr-16,North Melbourne,Western Bulldogs,61,45
25-Apr-16,Collingwood,Essendon,142,73
24-Apr-16,Melbourne,Richmond,129,96
24-Apr-16,Fremantle,Carlton,68,72
24-Apr-16,St Kilda,GWS Giants,79,126
23-Apr-16,Port Adelaide,Geelong,59,107
23-Apr-16,Western Bulldogs,Brisbane,120,67
23-Apr-16,Gold Coast,North Melbourne,81,119
23-Apr-16,Sydney,West Coast,88,49
22-Apr-16,Hawthorn,Adelaide,112,109
17-Apr-16,North Melbourne,Fremantle,132,101
17-Apr-16,Collingwood,Melbourne,67,102
17-Apr-16,GWS Giants,Port Adelaide,151,65
16-Apr-16,Adelaide,Sydney,113,103
16-Apr-16,Carlton,Western Bulldogs,49,85
16-Apr-16,Brisbane,Gold Coast,107,94
16-Apr-16,Hawthorn,St Kilda,87,84
16-Apr-16,Essendon,Geelong,42,72
15-Apr-16,West Coast,Richmond,125,57
10-Apr-16,Geelong,Brisbane,125,56
10-Apr-16,Western Bulldogs,Hawthorn,90,93
10-Apr-16,North Melbourne,Melbourne,136,131
09-Apr-16,West Coast,Fremantle,92,59
09-Apr-16,Gold Coast,Carlton,95,41
09-Apr-16,Sydney,GWS Giants,93,68
09-Apr-16,Richmond,Adelaide,92,128
09-Apr-16,St Kilda,Collingwood,119,90
08-Apr-16,Port Adelaide,Essendon,112,51
03-Apr-16,Carlton,Sydney,71,131
03-Apr-16,Hawthorn,West Coast,99,53
03-Apr-16,GWS Giants,Geelong,89,76
02-Apr-16,Fremantle,Gold Coast,100,126
02-Apr-16,St Kilda,Western Bulldogs,36,93
02-Apr-16,Brisbane,North Melbourne,83,117
02-Apr-16,Essendon,Melbourne,80,67
02-Apr-16,Adelaide,Port Adelaide,144,86
01-Apr-16,Collingwood,Richmond,87,86
28-Mar-16,Geelong,Hawthorn,116,86
27-Mar-16,West Coast,Brisbane,166,102
27-Mar-16,Port Adelaide,St Kilda,133,100
27-Mar-16,Western Bulldogs,Fremantle,103,38
26-Mar-16,North Melbourne,Adelaide,107,97
26-Mar-16,Sydney,Collingwood,133,53
26-Mar-16,Gold Coast,Essendon,121,60
26-Mar-16,Melbourne,GWS Giants,80,78
24-Mar-16,Richmond,Carlton,92,83
06-Sep-15,Collingwood,Essendon,92,95
06-Sep-15,Melbourne,GWS Giants,103,77
05-Sep-15,West Coast,St Kilda,125,30
05-Sep-15,Sydney,Gold Coast,127,64
05-Sep-15,Hawthorn,Carlton,113,56
05-Sep-15,Port Adelaide,Fremantle,122,53
05-Sep-15,Brisbane,Western Bulldogs,130,122
05-Sep-15,Geelong,Adelaide,119,80
04-Sep-15,Richmond,North Melbourne,108,67
30-Aug-15,Fremantle,Melbourne,108,54
30-Aug-15,St Kilda,Sydney,38,135
30-Aug-15,Adelaide,West Coast,126,69
29-Aug-15,Essendon,Richmond,47,74
29-Aug-15,Gold Coast,Port Adelaide,51,88
29-Aug-15,North Melbourne,Western Bulldogs,73,96
29-Aug-15,Hawthorn,Brisbane,134,62
29-Aug-15,GWS Giants,Carlton,132,51
28-Aug-15,Geelong,Collingwood,62,110
23-Aug-15,West Coast,Western Bulldogs,162,85
23-Aug-15,Carlton,Melbourne,78,55
23-Aug-15,North Melbourne,Fremantle,94,83
22-Aug-15,Adelaide,Brisbane,131,44
22-Aug-15,St Kilda,Geelong,97,97
22-Aug-15,Gold Coast,Essendon,97,95
22-Aug-15,GWS Giants,Sydney,44,133
22-Aug-15,Collingwood,Richmond,56,147
21-Aug-15,Hawthorn,Port Adelaide,86,108
16-Aug-15,Fremantle,West Coast,80,104
16-Aug-15,Western Bulldogs,Melbourne,153,55
16-Aug-15,Richmond,Gold Coast,138,55
15-Aug-15,Brisbane,Carlton,131,67
15-Aug-15,Geelong,Hawthorn,85,121
15-Aug-15,Port Adelaide,GWS Giants,111,90
15-Aug-15,North Melbourne,St Kilda,120,83
15-Aug-15,Essendon,Adelaide,59,171
14-Aug-15,Sydney,Collingwood,87,76
09-Aug-15,St Kilda,Fremantle,59,96
09-Aug-15,GWS Giants,Essendon,93,61
09-Aug-15,Melbourne,North Melbourne,92,127
08-Aug-15,West Coast,Hawthorn,74,88
08-Aug-15,Geelong,Sydney,95,63
08-Aug-15,Brisbane,Gold Coast,100,114
08-Aug-15,Western Bulldogs,Port Adelaide,128,64
08-Aug-15,Collingwood,Carlton,105,87
07-Aug-15,Adelaide,Richmond,88,52
02-Aug-15,Fremantle,GWS Giants,84,63
02-Aug-15,Essendon,Western Bulldogs,40,127
02-Aug-15,Port Adelaide,St Kilda,112,49
01-Aug-15,Carlton,North Melbourne,54,118
01-Aug-15,Gold Coast,West Coast,83,83
01-Aug-15,Sydney,Adelaide,117,65
01-Aug-15,Collingwood,Melbourne,54,91
01-Aug-15,Geelong,Brisbane,113,57
31-Jul-15,Hawthorn,Richmond,53,71
26-Jul-15,West Coast,Sydney,103,51
26-Jul-15,Melbourne,St Kilda,46,83
26-Jul-15,Western Bulldogs,Collingwood,104,86
25-Jul-15,Brisbane,North Melbourne,38,110
25-Jul-15,Essendon,Port Adelaide,116,129
25-Jul-15,Richmond,Fremantle,78,82
25-Jul-15,Adelaide,Gold Coast,125,80
25-Jul-15,GWS Giants,Geelong,42,69
24-Jul-15,Carlton,Hawthorn,35,173
19-Jul-15,St Kilda,Richmond,73,89
19-Jul-15,Port Adelaide,Adelaide,113,116
19-Jul-15,Melbourne,Brisbane,60,36
18-Jul-15,Fremantle,Carlton,95,53
18-Jul-15,Sydney,Hawthorn,57,146
18-Jul-15,Collingwood,West Coast,56,87
18-Jul-15,Gold Coast,GWS Giants,79,94
18-Jul-15,Geelong,Western Bulldogs,72,64
17-Jul-15,North Melbourne,Essendon,93,68
12-Jul-15,Brisbane,Sydney,49,70
12-Jul-15,Hawthorn,Fremantle,115,43
12-Jul-15,GWS Giants,St Kilda,84,49
11-Jul-15,West Coast,Adelaide,147,91
11-Jul-15,North Melbourne,Geelong,120,79
11-Jul-15,Western Bulldogs,Gold Coast,95,73
11-Jul-15,Essendon,Melbourne,69,60
10-Jul-15,Richmond,Carlton,71,41
09-Jul-15,Port Adelaide,Collingwood,66,63
05-Jul-15,Fremantle,Brisbane,84,48
05-Jul-15,Essendon,St Kilda,52,162
04-Jul-15,Melbourne,West Coast,60,114
04-Jul-15,Western Bulldogs,Carlton,64,53
04-Jul-15,Gold Coast,North Melbourne,125,70
04-Jul-15,Richmond,GWS Giants,78,69
03-Jul-15,Collingwood,Hawthorn,91,101
02-Jul-15,Sydney,Port Adelaide,94,84
28-Jun-15,Carlton,Gold Coast,103,69
27-Jun-15,St Kilda,Western Bulldogs,56,62
27-Jun-15,Brisbane,Adelaide,69,82
27-Jun-15,Hawthorn,Essendon,114,76
26-Jun-15,Sydney,Richmond,77,95
25-Jun-15,Fremantle,Collingwood,80,73
21-Jun-15,Geelong,Melbourne,89,113
20-Jun-15,Western Bulldogs,Brisbane,146,74
20-Jun-15,GWS Giants,North Melbourne,61,117
20-Jun-15,Carlton,Port Adelaide,110,106
19-Jun-15,Richmond,West Coast,70,90
18-Jun-15,Adelaide,Hawthorn,85,114
14-Jun-15,St Kilda,Melbourne,85,83
14-Jun-15,Collingwood,GWS Giants,119,77
13-Jun-15,North Melbourne,Sydney,75,91
13-Jun-15,West Coast,Essendon,96,46
13-Jun-15,Gold Coast,Fremantle,46,53
12-Jun-15,Port Adelaide,Geelong,69,92
08-Jun-15,Melbourne,Collingwood,85,110
07-Jun-15,St Kilda,Hawthorn,69,132
07-Jun-15,North Melbourne,West Coast,85,75
07-Jun-15,GWS Giants,Brisbane,97,67
06-Jun-15,Port Adelaide,Western Bulldogs,100,62
06-Jun-15,Essendon,Geelong,53,122
06-Jun-15,Gold Coast,Sydney,41,93
06-Jun-15,Carlton,Adelaide,90,99
05-Jun-15,Fremantle,Richmond,70,97
31-May-15,West Coast,Geelong,120,64
31-May-15,Collingwood,North Melbourne,112,95
31-May-15,Brisbane,St Kilda,86,108
30-May-15,Adelaide,Fremantle,57,68
30-May-15,Richmond,Essendon,72,59
30-May-15,Western Bulldogs,GWS Giants,113,68
30-May-15,Melbourne,Port Adelaide,54,115
30-May-15,Hawthorn,Gold Coast,93,40
29-May-15,Sydney,Carlton,122,62
24-May-15,Port Adelaide,Richmond,43,76
24-May-15,Melbourne,Western Bulldogs,103,64
24-May-15,Essendon,Brisbane,136,78
23-May-15,Fremantle,North Melbourne,115,42
23-May-15,Hawthorn,Sydney,69,73
23-May-15,Gold Coast,Collingwood,63,132
23-May-15,GWS Giants,Adelaide,108,84
23-May-15,St Kilda,West Coast,78,131
22-May-15,Geelong,Carlton,140,63
17-May-15,Brisbane,Port Adelaide,102,65
17-May-15,Richmond,Collingwood,105,100
17-May-15,Western Bulldogs,Fremantle,88,101
16-May-15,West Coast,Gold Coast,135,43
16-May-15,Sydney,Geelong,120,77
16-May-15,Carlton,GWS Giants,57,135
16-May-15,Hawthorn,Melbourne,155,50
16-May-15,Adelaide,St Kilda,119,73
15-May-15,Essendon,North Melbourne,82,93
10-May-15,Port Adelaide,West Coast,68,78
10-May-15,Carlton,Brisbane,75,84
09-May-15,Fremantle,Essendon,80,52
09-May-15,Melbourne,Sydney,50,88
09-May-15,Gold Coast,Adelaide,78,119
09-May-15,GWS Giants,Hawthorn,108,98
09-May-15,Western Bulldogs,St Kilda,87,94
09-May-15,North Melbourne,Richmond,109,74
08-May-15,Collingwood,Geelong,59,100
03-May-15,Adelaide,Port Adelaide,91,115
03-May-15,St Kilda,Essendon,80,82
03-May-15,Melbourne,Fremantle,50,118
02-May-15,West Coast,GWS Giants,120,33
02-May-15,North Melbourne,Hawthorn,70,130
02-May-15,Gold Coast,Brisbane,118,54
02-May-15,Sydney,Western Bulldogs,73,77
02-May-15,Richmond,Geelong,76,85
01-May-15,Carlton,Collingwood,45,120
26-Apr-15,Western Bulldogs,Adelaide,125,68
26-Apr-15,Geelong,North Melbourne,67,83
26-Apr-15,Brisbane,West Coast,65,118
25-Apr-15,Fremantle,Sydney,74,60
25-Apr-15,Port Adelaide,Hawthorn,99,91
25-Apr-15,GWS Giants,Gold Coast,119,53
25-Apr-15,Essendon,Collingwood,49,69
25-Apr-15,St Kilda,Carlton,81,121
24-Apr-15,Richmond,Melbourne,51,83
19-Apr-15,West Coast,Fremantle,81,111
19-Apr-15,Geelong,Gold Coast,105,96
19-Apr-15,Hawthorn,Western Bulldogs,127,57
18-Apr-15,Brisbane,Richmond,58,137
18-Apr-15,North Melbourne,Port Adelaide,105,113
18-Apr-15,Sydney,GWS Giants,111,90
18-Apr-15,Adelaide,Melbourne,80,55
18-Apr-15,Carlton,Essendon,84,105
17-Apr-15,Collingwood,St Kilda,140,66
12-Apr-15,North Melbourne,Brisbane,133,51
12-Apr-15,Essendon,Hawthorn,78,76
12-Apr-15,Geelong,Fremantle,60,104
11-Apr-15,Port Adelaide,Sydney,44,92
11-Apr-15,Gold Coast,St Kilda,76,104
11-Apr-15,Collingwood,Adelaide,63,90
11-Apr-15,GWS Giants,Melbourne,101,56
11-Apr-15,Richmond,Western Bulldogs,66,85
10-Apr-15,West Coast,Carlton,131,62
06-Apr-15,Hawthorn,Geelong,123,61
05-Apr-15,Adelaide,North Melbourne,140,63
05-Apr-15,St Kilda,GWS Giants,78,87
05-Apr-15,Fremantle,Port Adelaide,75,68
04-Apr-15,Brisbane,Collingwood,74,86
04-Apr-15,Western Bulldogs,West Coast,97,87
04-Apr-15,Sydney,Essendon,72,60
04-Apr-15,Melbourne,Gold Coast,115,89
02-Apr-15,Carlton,Richmond,78,105
31-Aug-14,Western Bulldogs,GWS Giants,109,115
31-Aug-14,Adelaide,St Kilda,141,62
31-Aug-14,Gold Coast,West Coast,99,151
30-Aug-14,Geelong,Brisbane,143,81
30-Aug-14,North Melbourne,Melbourne,123,93
30-Aug-14,Sydney,Richmond,65,68
30-Aug-14,Fremantle,Port Adelaide,105,97
30-Aug-14,Carlton,Essendon,90,90
29-Aug-14,Collingwood,Hawthorn,56,121
24-Aug-14,Richmond,St Kilda,98,72
24-Aug-14,Western Bulldogs,Sydney,67,130
24-Aug-14,Brisbane,Fremantle,48,106
23-Aug-14,Hawthorn,Geelong,94,71
23-Aug-14,West Coast,Melbourne,119,53
23-Aug-14,GWS Giants,Collingwood,67,75
23-Aug-14,Essendon,Gold Coast,108,89
23-Aug-14,North Melbourne,Adelaide,101,94
22-Aug-14,Port Adelaide,Carlton,140,37
17-Aug-14,Fremantle,Hawthorn,110,91
17-Aug-14,Melbourne,GWS Giants,34,98
17-Aug-14,North Melbourne,Western Bulldogs,111,61
16-Aug-14,Adelaide,Richmond,69,79
16-Aug-14,Collingwood,Brisbane,56,123
16-Aug-14,Essendon,West Coast,77,74
16-Aug-14,Gold Coast,Port Adelaide,47,56
16-Aug-14,Sydney,St Kilda,127,56
15-Aug-14,Carlton,Geelong,76,82
10-Aug-14,West Coast,Collingwood,126,66
10-Aug-14,St Kilda,Western Bulldogs,99,122
10-Aug-14,Brisbane,Adelaide,63,168
09-Aug-14,Geelong,Fremantle,81,79
09-Aug-14,Port Adelaide,Sydney,58,84
09-Aug-14,Hawthorn,Melbourne,115,65
09-Aug-14,Carlton,Gold Coast,97,58
09-Aug-14,GWS Giants,North Melbourne,51,126
08-Aug-14,Richmond,Essendon,95,77
03-Aug-14,Collingwood,Port Adelaide,76,70
03-Aug-14,Hawthorn,Western Bulldogs,107,45
03-Aug-14,Melbourne,Brisbane,51,74
02-Aug-14,Gold Coast,St Kilda,117,64
02-Aug-14,North Melbourne,Geelong,79,111
02-Aug-14,Richmond,GWS Giants,89,62
02-Aug-14,Adelaide,West Coast,105,136
01-Aug-14,Sydney,Essendon,79,57
31-Jul-14,Fremantle,Carlton,83,78
27-Jul-14,Collingwood,Adelaide,82,98
26-Jul-14,Hawthorn,Sydney,104,94
26-Jul-14,Brisbane,Gold Coast,110,56
25-Jul-14,West Coast,Richmond,42,59
20-Jul-14,Western Bulldogs,Essendon,94,101
20-Jul-14,Port Adelaide,Melbourne,72,69
19-Jul-14,GWS Giants,Geelong,87,94
19-Jul-14,St Kilda,Fremantle,118,60
18-Jul-14,Carlton,North Melbourne,109,86
13-Jul-14,Fremantle,GWS Giants,136,60
13-Jul-14,Essendon,Collingwood,103,39
13-Jul-14,Richmond,Port Adelaide,126,106
12-Jul-14,Brisbane,West Coast,64,76
12-Jul-14,Sydney,Carlton,122,51
12-Jul-14,Western Bulldogs,Gold Coast,94,66
12-Jul-14,North Melbourne,St Kilda,92,33
12-Jul-14,Melbourne,Geelong,36,102
11-Jul-14,Adelaide,Hawthorn,92,104
06-Jul-14,Geelong,Western Bulldogs,69,56
06-Jul-14,West Coast,Sydney,51,79
06-Jul-14,Carlton,St Kilda,151,66
05-Jul-14,Melbourne,Fremantle,34,97
05-Jul-14,Port Adelaide,Essendon,60,62
05-Jul-14,Gold Coast,Collingwood,80,75
05-Jul-14,GWS Giants,Adelaide,72,140
05-Jul-14,Richmond,Brisbane,79,54
04-Jul-14,North Melbourne,Hawthorn,108,88
29-Jun-14,Collingwood,Carlton,91,76
29-Jun-14,Adelaide,Port Adelaide,99,76
29-Jun-14,Western Bulldogs,Melbourne,91,85
28-Jun-14,Brisbane,North Melbourne,70,66
28-Jun-14,Sydney,GWS Giants,106,60
28-Jun-14,Fremantle,West Coast,88,81
28-Jun-14,St Kilda,Richmond,73,117
28-Jun-14,Hawthorn,Gold Coast,116,63
27-Jun-14,Geelong,Essendon,89,80
22-Jun-14,Melbourne,North Melbourne,66,107
22-Jun-14,St Kilda,West Coast,70,103
22-Jun-14,GWS Giants,Carlton,100,92
21-Jun-14,Essendon,Adelaide,101,92
21-Jun-14,Fremantle,Brisbane,105,22
21-Jun-14,Gold Coast,Geelong,118,78
21-Jun-14,Hawthorn,Collingwood,115,86
21-Jun-14,Port Adelaide,Western Bulldogs,128,56
20-Jun-14,Richmond,Sydney,51,62
15-Jun-14,Essendon,Melbourne,77,78
15-Jun-14,Collingwood,Western Bulldogs,98,106
15-Jun-14,Geelong,St Kilda,133,37
14-Jun-14,Adelaide,North Melbourne,109,73
14-Jun-14,Brisbane,GWS Giants,80,125
14-Jun-14,West Coast,Gold Coast,103,100
14-Jun-14,Sydney,Port Adelaide,98,94
14-Jun-14,Richmond,Fremantle,85,105
13-Jun-14,Carlton,Hawthorn,90,118
09-Jun-14,Melbourne,Collingwood,28,61
08-Jun-14,North Melbourne,Richmond,116,88
08-Jun-14,Fremantle,Adelaide,90,50
08-Jun-14,Gold Coast,Sydney,74,109
07-Jun-14,GWS Giants,Essendon,66,81
07-Jun-14,Western Bulldogs,Brisbane,87,95
07-Jun-14,Port Adelaide,St Kilda,129,59
07-Jun-14,Hawthorn,West Coast,123,79
06-Jun-14,Geelong,Carlton,107,102
01-Jun-14,West Coast,North Melbourne,44,82
01-Jun-14,Hawthorn,GWS Giants,94,87
01-Jun-14,Western Bulldogs,Fremantle,51,89
01-Jun-14,Adelaide,Gold Coast,109,77
31-May-14,Essendon,Richmond,104,54
31-May-14,Brisbane,Carlton,98,91
31-May-14,Melbourne,Port Adelaide,75,95
30-May-14,St Kilda,Collingwood,54,140
29-May-14,Sydney,Geelong,148,38
25-May-14,Carlton,Adelaide,81,76
25-May-14,Gold Coast,Western Bulldogs,119,74
24-May-14,Port Adelaide,Hawthorn,100,86
24-May-14,Collingwood,West Coast,109,101
24-May-14,GWS Giants,Richmond,41,154
23-May-14,Geelong,North Melbourne,111,91
18-May-14,St Kilda,Gold Coast,87,125
17-May-14,Fremantle,Geelong,96,64
17-May-14,North Melbourne,Brisbane,125,38
17-May-14,Richmond,Melbourne,74,91
16-May-14,Essendon,Sydney,64,114
15-May-14,Adelaide,Collingwood,76,55
12-May-14,St Kilda,Carlton,69,101
11-May-14,West Coast,GWS Giants,188,77
10-May-14,Melbourne,Western Bulldogs,83,99
10-May-14,Brisbane,Essendon,57,65
10-May-14,Port Adelaide,Fremantle,94,76
09-May-14,Sydney,Hawthorn,107,88
04-May-14,West Coast,Fremantle,54,73
04-May-14,Geelong,Richmond,81,76
04-May-14,North Melbourne,Gold Coast,77,120
03-May-14,Brisbane,Sydney,44,123
03-May-14,Essendon,Western Bulldogs,73,65
03-May-14,Adelaide,Melbourne,67,70
03-May-14,GWS Giants,Port Adelaide,97,132
03-May-14,Hawthorn,St Kilda,175,30
02-May-14,Carlton,Collingwood,70,104
27-Apr-14,Port Adelaide,Geelong,107,67
27-Apr-14,Richmond,Hawthorn,52,118
27-Apr-14,Western Bulldogs,Adelaide,83,92
26-Apr-14,Melbourne,Sydney,38,69
26-Apr-14,Carlton,West Coast,92,89
26-Apr-14,Gold Coast,GWS Giants,134,94
25-Apr-14,Fremantle,North Melbourne,61,74
25-Apr-14,St Kilda,Brisbane,79,82
25-Apr-14,Collingwood,Essendon,83,60
21-Apr-14,Geelong,Hawthorn,106,87
20-Apr-14,Western Bulldogs,Carlton,91,119
20-Apr-14,Melbourne,Gold Coast,78,86
20-Apr-14,Adelaide,GWS Giants,137,72
19-Apr-14,Essendon,St Kilda,65,81
19-Apr-14,West Coast,Port Adelaide,56,70
19-Apr-14,Sydney,Fremantle,92,75
19-Apr-14,Collingwood,North Melbourne,93,58
17-Apr-14,Brisbane,Richmond,63,106
13-Apr-14,Fremantle,Essendon,113,60
13-Apr-14,St Kilda,Adelaide,50,136
13-Apr-14,Sydney,North Melbourne,48,91
12-Apr-14,Geelong,West Coast,107,32
12-Apr-14,Gold Coast,Hawthorn,49,148
12-Apr-14,GWS Giants,Western Bulldogs,83,110
12-Apr-14,Port Adelaide,Brisbane,159,46
12-Apr-14,Carlton,Melbourne,58,81
11-Apr-14,Richmond,Collingwood,72,110
06-Apr-14,Essendon,Carlton,138,57
06-Apr-14,North Melbourne,Port Adelaide,97,90
06-Apr-14,GWS Giants,Melbourne,79,47
05-Apr-14,Collingwood,Geelong,76,87
05-Apr-14,West Coast,St Kilda,83,58
05-Apr-14,Gold Coast,Brisbane,114,61
05-Apr-14,Adelaide,Sydney,71,134
05-Apr-14,Western Bulldogs,Richmond,100,98
04-Apr-14,Hawthorn,Fremantle,137,79
30-Mar-14,Western Bulldogs,North Melbourne,54,83
30-Mar-14,Melbourne,West Coast,30,123
30-Mar-14,Brisbane,Geelong,68,93
29-Mar-14,Fremantle,Gold Coast,87,39
29-Mar-14,Sydney,Collingwood,69,89
29-Mar-14,Port Adelaide,Adelaide,127,73
29-Mar-14,St Kilda,GWS Giants,95,88
28-Mar-14,Essendon,Hawthorn,86,90
27-Mar-14,Richmond,Carlton,98,86
23-Mar-14,West Coast,Western Bulldogs,134,69
22-Mar-14,St Kilda,Melbourne,68,51
22-Mar-14,Hawthorn,Brisbane,139,91
21-Mar-14,North Melbourne,Essendon,60,99
20-Mar-14,Geelong,Adelaide,119,81
16-Mar-14,Carlton,Port Adelaide,87,120
15-Mar-14,Gold Coast,Richmond,87,69
15-Mar-14,GWS Giants,Sydney,99,67
14-Mar-14,Collingwood,Fremantle,46,116
01-Sep-13,Western Bulldogs,Melbourne,107,87
01-Sep-13,Collingwood,North Melbourne,114,125
01-Sep-13,Gold Coast,GWS Giants,146,63
31-Aug-13,West Coast,Adelaide,43,129
31-Aug-13,Essendon,Richmond,65,104
31-Aug-13,Port Adelaide,Carlton,103,104
31-Aug-13,Geelong,Brisbane,112,111
31-Aug-13,St Kilda,Fremantle,112,41
30-Aug-13,Sydney,Hawthorn,100,112
25-Aug-13,Brisbane,Western Bulldogs,100,93
25-Aug-13,GWS Giants,Richmond,42,163
25-Aug-13,St Kilda,Gold Coast,116,70
24-Aug-13,Carlton,Essendon,76,82
24-Aug-13,Fremantle,Port Adelaide,134,60
24-Aug-13,Geelong,Sydney,92,48
24-Aug-13,North Melbourne,Hawthorn,103,117
24-Aug-13,Adelaide,Melbourne,120,52
23-Aug-13,Collingwood,West Coast,101,39
18-Aug-13,Western Bulldogs,Adelaide,131,114
18-Aug-13,Sydney,St Kilda,118,59
18-Aug-13,Melbourne,Fremantle,38,133
17-Aug-13,Brisbane,GWS Giants,123,63
17-Aug-13,West Coast,Geelong,41,107
17-Aug-13,Essendon,North Melbourne,70,115
17-Aug-13,Port Adelaide,Gold Coast,113,96
17-Aug-13,Richmond,Carlton,96,106
16-Aug-13,Hawthorn,Collingwood,119,84
11-Aug-13,Fremantle,GWS Giants,157,44
11-Aug-13,Adelaide,North Melbourne,79,70
11-Aug-13,Essendon,West Coast,67,120
10-Aug-13,Gold Coast,Melbourne,90,77
10-Aug-13,Sydney,Collingwood,71,100
10-Aug-13,Carlton,Western Bulldogs,89,117
10-Aug-13,Geelong,Port Adelaide,129,104
10-Aug-13,Richmond,Brisbane,97,74
09-Aug-13,St Kilda,Hawthorn,56,102
04-Aug-13,Collingwood,Essendon,133,54
04-Aug-13,Adelaide,Port Adelaide,103,107
04-Aug-13,Western Bulldogs,Sydney,99,134
03-Aug-13,Brisbane,St Kilda,108,77
03-Aug-13,Carlton,Fremantle,80,116
03-Aug-13,West Coast,Gold Coast,130,113
03-Aug-13,Hawthorn,Richmond,66,107
03-Aug-13,GWS Giants,Melbourne,124,87
02-Aug-13,North Melbourne,Geelong,96,86
28-Jul-13,Sydney,Richmond,110,63
28-Jul-13,Western Bulldogs,West Coast,111,89
28-Jul-13,Port Adelaide,Brisbane,71,62
27-Jul-13,Fremantle,Adelaide,75,53
27-Jul-13,Geelong,St Kilda,137,36
27-Jul-13,Collingwood,GWS Giants,106,66
27-Jul-13,Melbourne,North Melbourne,28,150
27-Jul-13,Gold Coast,Carlton,77,120
26-Jul-13,Essendon,Hawthorn,87,143
21-Jul-13,West Coast,Sydney,79,113
21-Jul-13,Adelaide,Geelong,94,92
21-Jul-13,Richmond,Fremantle,84,57
20-Jul-13,Melbourne,Brisbane,75,94
20-Jul-13,St Kilda,Port Adelaide,92,97
20-Jul-13,Gold Coast,Collingwood,85,78
20-Jul-13,GWS Giants,Essendon,77,116
20-Jul-13,Hawthorn,Western Bulldogs,95,76
19-Jul-13,North Melbourne,Carlton,108,109
14-Jul-13,West Coast,Fremantle,93,121
14-Jul-13,Western Bulldogs,Essendon,90,121
14-Jul-13,Sydney,GWS Giants,171,42
13-Jul-13,Brisbane,North Melbourne,117,105
13-Jul-13,Carlton,St Kilda,110,74
13-Jul-13,Richmond,Gold Coast,53,44
13-Jul-13,Geelong,Melbourne,98,30
13-Jul-13,Port Adelaide,Hawthorn,79,124
12-Jul-13,Collingwood,Adelaide,111,84
07-Jul-13,Essendon,Port Adelaide,118,88
07-Jul-13,Fremantle,St Kilda,100,70
07-Jul-13,Melbourne,Sydney,85,116
06-Jul-13,Adelaide,West Coast,69,75
06-Jul-13,Geelong,Hawthorn,82,72
06-Jul-13,Brisbane,Gold Coast,116,83
06-Jul-13,North Melbourne,Richmond,128,66
06-Jul-13,GWS Giants,Western Bulldogs,83,87
05-Jul-13,Carlton,Collingwood,77,118
30-Jun-13,Richmond,St Kilda,119,55
30-Jun-13,North Melbourne,GWS Giants,130,44
30-Jun-13,Hawthorn,Brisbane,143,85
29-Jun-13,Geelong,Fremantle,85,44
29-Jun-13,Melbourne,Western Bulldogs,103,100
29-Jun-13,Port Adelaide,Collingwood,86,51
29-Jun-13,Gold Coast,Adelaide,83,111
28-Jun-13,Sydney,Carlton,65,43
27-Jun-13,West Coast,Essendon,91,98
23-Jun-13,Brisbane,Geelong,103,98
23-Jun-13,Fremantle,North Melbourne,67,29
22-Jun-13,Western Bulldogs,Richmond,61,121
22-Jun-13,St Kilda,Melbourne,104,69
22-Jun-13,Port Adelaide,Sydney,72,54
21-Jun-13,Hawthorn,West Coast,123,103
16-Jun-13,Collingwood,Western Bulldogs,99,65
16-Jun-13,GWS Giants,Port Adelaide,50,125
15-Jun-13,Essendon,Gold Coast,115,72
15-Jun-13,Fremantle,Brisbane,86,46
15-Jun-13,Richmond,Adelaide,110,72
14-Jun-13,Carlton,Hawthorn,87,102
10-Jun-13,Melbourne,Collingwood,39,122
09-Jun-13,St Kilda,West Coast,80,84
08-Jun-13,Gold Coast,North Melbourne,66,51
08-Jun-13,Adelaide,Sydney,50,127
08-Jun-13,GWS Giants,Geelong,98,157
07-Jun-13,Essendon,Carlton,77,72
03-Jun-13,West Coast,Richmond,62,103
02-Jun-13,North Melbourne,St Kilda,133,65
02-Jun-13,Melbourne,Hawthorn,48,143
01-Jun-13,Geelong,Gold Coast,123,71
01-Jun-13,Western Bulldogs,Port Adelaide,67,58
01-Jun-13,Sydney,Essendon,115,71
01-Jun-13,Adelaide,Fremantle,59,66
01-Jun-13,Carlton,GWS Giants,148,54
31-May-13,Brisbane,Collingwood,51,100
26-May-13,Fremantle,Melbourne,130,40
26-May-13,North Melbourne,Adelaide,124,125
26-May-13,Hawthorn,Gold Coast,118,92
25-May-13,Richmond,Essendon,62,91
25-May-13,Brisbane,Carlton,85,98
25-May-13,St Kilda,Western Bulldogs,101,110
25-May-13,GWS Giants,West Coast,55,155
25-May-13,Port Adelaide,Geelong,68,116
24-May-13,Collingwood,Sydney,55,102
19-May-13,Adelaide,St Kilda,87,47
19-May-13,Richmond,Melbourne,106,72
19-May-13,Carlton,Port Adelaide,109,91
18-May-13,Collingwood,Geelong,102,96
18-May-13,Sydney,Fremantle,70,70
18-May-13,Gold Coast,Western Bulldogs,93,61
18-May-13,Hawthorn,GWS Giants,140,57
18-May-13,Essendon,Brisbane,86,96
17-May-13,West Coast,North Melbourne,90,88
13-May-13,St Kilda,Carlton,77,68
12-May-13,Melbourne,Gold Coast,54,114
12-May-13,GWS Giants,Adelaide,52,187
11-May-13,Fremantle,Collingwood,100,73
11-May-13,Hawthorn,Sydney,119,82
11-May-13,Western Bulldogs,North Melbourne,97,151
11-May-13,Brisbane,West Coast,82,108
11-May-13,Port Adelaide,Richmond,73,114
10-May-13,Geelong,Essendon,113,85
05-May-13,West Coast,Western Bulldogs,137,67
05-May-13,Carlton,Melbourne,121,60
05-May-13,Sydney,Brisbane,115,55
04-May-13,Gold Coast,Fremantle,54,99
04-May-13,Richmond,Geelong,87,131
04-May-13,Adelaide,Hawthorn,78,89
04-May-13,North Melbourne,Port Adelaide,93,83
04-May-13,Essendon,GWS Giants,120,81
03-May-13,Collingwood,St Kilda,103,77
28-Apr-13,Hawthorn,North Melbourne,99,96
28-Apr-13,Brisbane,Melbourne,122,94
27-Apr-13,Port Adelaide,West Coast,84,79
27-Apr-13,Western Bulldogs,Geelong,86,107
27-Apr-13,Carlton,Adelaide,115,83
27-Apr-13,GWS Giants,Gold Coast,104,148
26-Apr-13,Fremantle,Richmond,81,80
25-Apr-13,St Kilda,Sydney,63,79
25-Apr-13,Essendon,Collingwood,121,75
21-Apr-13,North Melbourne,Brisbane,125,62
21-Apr-13,Adelaide,Western Bulldogs,80,28
21-Apr-13,Melbourne,GWS Giants,144,103
20-Apr-13,Gold Coast,Port Adelaide,66,104
20-Apr-13,West Coast,Carlton,65,89
20-Apr-13,St Kilda,Essendon,91,128
20-Apr-13,Richmond,Collingwood,79,113
20-Apr-13,Hawthorn,Fremantle,118,76
19-Apr-13,Sydney,Geelong,103,124
14-Apr-13,Port Adelaide,Adelaide,118,109
14-Apr-13,Collingwood,Hawthorn,90,145
14-Apr-13,Richmond,Western Bulldogs,135,68
13-Apr-13,Geelong,Carlton,119,103
13-Apr-13,Gold Coast,Brisbane,92,94
13-Apr-13,GWS Giants,St Kilda,68,140
13-Apr-13,Melbourne,West Coast,83,177
13-Apr-13,North Melbourne,Sydney,92,131
12-Apr-13,Fremantle,Essendon,68,72
07-Apr-13,West Coast,Hawthorn,98,148
07-Apr-13,Collingwood,Carlton,117,100
07-Apr-13,Geelong,North Melbourne,112,108
06-Apr-13,Essendon,Melbourne,184,36
06-Apr-13,Port Adelaide,GWS Giants,134,78
06-Apr-13,Brisbane,Adelaide,77,96
06-Apr-13,Western Bulldogs,Fremantle,78,106
06-Apr-13,Sydney,Gold Coast,114,73
05-Apr-13,St Kilda,Richmond,82,99
01-Apr-13,Hawthorn,Geelong,86,93
31-Mar-13,North Melbourne,Collingwood,87,103
31-Mar-13,Melbourne,Port Adelaide,54,133
30-Mar-13,Gold Coast,St Kilda,90,77
30-Mar-13,GWS Giants,Sydney,76,106
30-Mar-13,Western Bulldogs,Brisbane,127,59
28-Mar-13,Carlton,Richmond,101,106
23-Mar-13,Fremantle,West Coast,108,80
22-Mar-13,Adelaide,Essendon,82,117
02-Sep-12,Brisbane,Western Bulldogs,128,61
02-Sep-12,Richmond,Port Adelaide,106,106
02-Sep-12,Carlton,St Kilda,91,106
01-Sep-12,Essendon,Collingwood,72,104
01-Sep-12,Fremantle,Melbourne,101,40
01-Sep-12,GWS Giants,North Melbourne,77,105
01-Sep-12,Adelaide,Gold Coast,153,62
01-Sep-12,Geelong,Sydney,112,78
31-Aug-12,Hawthorn,West Coast,95,70
26-Aug-12,Melbourne,Adelaide,81,150
26-Aug-12,North Melbourne,Fremantle,79,132
26-Aug-12,Geelong,Western Bulldogs,107,73
25-Aug-12,Gold Coast,Carlton,98,86
25-Aug-12,West Coast,Collingwood,107,58
25-Aug-12,Sydney,Hawthorn,95,102
25-Aug-12,Port Adelaide,Brisbane,93,104
25-Aug-12,St Kilda,GWS Giants,163,35
24-Aug-12,Richmond,Essendon,102,57
19-Aug-12,Hawthorn,Gold Coast,129,65
19-Aug-12,Western Bulldogs,Sydney,85,167
19-Aug-12,Port Adelaide,West Coast,50,98
18-Aug-12,Brisbane,Adelaide,95,85
18-Aug-12,Collingwood,North Melbourne,61,91
18-Aug-12,Fremantle,Richmond,94,72
18-Aug-12,GWS Giants,Melbourne,59,84
18-Aug-12,Essendon,Carlton,60,156
17-Aug-12,Geelong,St Kilda,123,81
12-Aug-12,Essendon,North Melbourne,76,100
12-Aug-12,Richmond,Western Bulldogs,150,80
12-Aug-12,Hawthorn,Port Adelaide,159,87
11-Aug-12,Carlton,Brisbane,113,77
11-Aug-12,Sydney,Collingwood,70,78
11-Aug-12,Gold Coast,GWS Giants,109,79
11-Aug-12,Adelaide,Fremantle,119,91
11-Aug-12,St Kilda,Melbourne,107,82
10-Aug-12,West Coast,Geelong,102,97
05-Aug-12,Adelaide,Essendon,104,100
05-Aug-12,Carlton,Sydney,71,93
05-Aug-12,Melbourne,Gold Coast,108,66
04-Aug-12,Brisbane,Richmond,84,132
04-Aug-12,Collingwood,St Kilda,91,85
04-Aug-12,Fremantle,West Coast,113,48
04-Aug-12,GWS Giants,Port Adelaide,107,73
04-Aug-12,Western Bulldogs,North Melbourne,61,115
03-Aug-12,Hawthorn,Geelong,116,118
29-Jul-12,West Coast,Brisbane,175,77
29-Jul-12,St Kilda,Western Bulldogs,118,42
29-Jul-12,Port Adelaide,Fremantle,48,75
28-Jul-12,Carlton,Richmond,95,91
28-Jul-12,Gold Coast,Sydney,54,126
28-Jul-12,GWS Giants,Collingwood,54,174
28-Jul-12,North Melbourne,Melbourne,127,73
28-Jul-12,Geelong,Adelaide,102,75
27-Jul-12,Essendon,Hawthorn,86,180
22-Jul-12,Fremantle,GWS Giants,132,37
22-Jul-12,Richmond,North Melbourne,99,103
22-Jul-12,Sydney,St Kilda,105,76
21-Jul-12,Melbourne,Port Adelaide,56,84
21-Jul-12,Western Bulldogs,Carlton,84,102
21-Jul-12,Gold Coast,Brisbane,48,59
21-Jul-12,Adelaide,West Coast,124,75
21-Jul-12,Collingwood,Hawthorn,91,138
20-Jul-12,Geelong,Essendon,134,67
15-Jul-12,West Coast,Sydney,69,121
15-Jul-12,Western Bulldogs,Hawthorn,44,116
15-Jul-12,GWS Giants,Adelaide,59,178
14-Jul-12,Brisbane,St Kilda,92,105
14-Jul-12,Geelong,Collingwood,79,110
14-Jul-12,Richmond,Gold Coast,88,90
14-Jul-12,Port Adelaide,Essendon,77,127
14-Jul-12,Melbourne,Fremantle,83,117
13-Jul-12,North Melbourne,Carlton,149,96
08-Jul-12,Fremantle,Western Bulldogs,95,57
08-Jul-12,Gold Coast,Geelong,96,110
08-Jul-12,Hawthorn,GWS Giants,193,31
07-Jul-12,Port Adelaide,Adelaide,58,116
07-Jul-12,St Kilda,Essendon,133,62
07-Jul-12,Sydney,Brisbane,110,63
07-Jul-12,Melbourne,Richmond,78,101
07-Jul-12,North Melbourne,West Coast,84,86
06-Jul-12,Collingwood,Carlton,62,85
01-Jul-12,St Kilda,North Melbourne,103,136
01-Jul-12,Brisbane,Melbourne,122,61
01-Jul-12,Geelong,Port Adelaide,99,61
30-Jun-12,Essendon,Western Bulldogs,140,56
30-Jun-12,Sydney,GWS Giants,132,38
30-Jun-12,West Coast,Gold Coast,166,40
30-Jun-12,Adelaide,Richmond,106,87
30-Jun-12,Collingwood,Fremantle,107,78
29-Jun-12,Carlton,Hawthorn,70,120
24-Jun-12,North Melbourne,Adelaide,121,89
24-Jun-12,Melbourne,GWS Giants,135,57
23-Jun-12,Fremantle,Essendon,89,113
23-Jun-12,Collingwood,West Coast,85,82
23-Jun-12,Western Bulldogs,Brisbane,56,114
22-Jun-12,Sydney,Geelong,80,74
17-Jun-12,Western Bulldogs,Port Adelaide,95,57
17-Jun-12,Hawthorn,Brisbane,135,70
16-Jun-12,Gold Coast,North Melbourne,80,87
16-Jun-12,GWS Giants,Richmond,74,86
15-Jun-12,Adelaide,St Kilda,115,111
14-Jun-12,West Coast,Carlton,79,69
11-Jun-12,Melbourne,Collingwood,87,129
10-Jun-12,Port Adelaide,Hawthorn,62,108
09-Jun-12,Essendon,Sydney,82,86
09-Jun-12,Gold Coast,St Kilda,49,144
09-Jun-12,Richmond,Fremantle,66,78
08-Jun-12,Carlton,Geelong,85,97
03-Jun-12,Collingwood,Gold Coast,149,52
03-Jun-12,Sydney,Western Bulldogs,132,40
03-Jun-12,Brisbane,West Coast,102,100
02-Jun-12,Essendon,Melbourne,52,58
02-Jun-12,Port Adelaide,Carlton,99,45
02-Jun-12,Fremantle,Adelaide,82,111
02-Jun-12,Hawthorn,North Melbourne,174,59
02-Jun-12,Geelong,GWS Giants,126,61
01-Jun-12,St Kilda,Richmond,113,121
27-May-12,West Coast,Fremantle,84,36
27-May-12,Carlton,Melbourne,107,49
27-May-12,North Melbourne,Brisbane,112,96
26-May-12,Adelaide,Collingwood,49,75
26-May-12,GWS Giants,Essendon,53,119
26-May-12,St Kilda,Sydney,111,83
26-May-12,Gold Coast,Port Adelaide,70,118
26-May-12,Richmond,Hawthorn,137,75
25-May-12,Western Bulldogs,Geelong,75,95
20-May-12,West Coast,St Kilda,121,91
20-May-12,Carlton,Adelaide,55,124
20-May-12,Brisbane,GWS Giants,132,40
19-May-12,Essendon,Richmond,128,109
19-May-12,Western Bulldogs,Gold Coast,72,34
19-May-12,Sydney,Melbourne,138,37
19-May-12,Hawthorn,Fremantle,119,63
19-May-12,Port Adelaide,North Melbourne,95,93
18-May-12,Collingwood,Geelong,96,84
14-May-12,St Kilda,Carlton,122,98
13-May-12,Fremantle,Port Adelaide,87,47
13-May-12,North Melbourne,Western Bulldogs,83,101
12-May-12,Brisbane,Collingwood,58,116
12-May-12,Essendon,West Coast,113,52
12-May-12,Richmond,Sydney,91,62
12-May-12,GWS Giants,Gold Coast,94,67
12-May-12,Adelaide,Geelong,122,72
11-May-12,Melbourne,Hawthorn,49,115
06-May-12,West Coast,North Melbourne,120,95
06-May-12,Port Adelaide,Richmond,54,91
06-May-12,Carlton,GWS Giants,110,43
05-May-12,St Kilda,Hawthorn,88,123
05-May-12,Sydney,Adelaide,94,99
05-May-12,Gold Coast,Fremantle,87,94
05-May-12,Geelong,Melbourne,119,76
05-May-12,Essendon,Brisbane,129,62
04-May-12,Western Bulldogs,Collingwood,77,98
29-Apr-12,Adelaide,Port Adelaide,110,91
29-Apr-12,Richmond,West Coast,97,107
29-Apr-12,Hawthorn,Sydney,69,106
28-Apr-12,Brisbane,Geelong,41,79
28-Apr-12,Melbourne,St Kilda,66,84
28-Apr-12,North Melbourne,Gold Coast,127,93
28-Apr-12,GWS Giants,Western Bulldogs,62,104
27-Apr-12,Fremantle,Carlton,57,65
25-Apr-12,Collingwood,Essendon,80,79
22-Apr-12,Melbourne,Western Bulldogs,67,88
22-Apr-12,Sydney,North Melbourne,113,77
22-Apr-12,Geelong,Richmond,75,65
21-Apr-12,Brisbane,Gold Coast,111,46
21-Apr-12,West Coast,Hawthorn,51,46
21-Apr-12,Adelaide,GWS Giants,96,50
21-Apr-12,Collingwood,Port Adelaide,97,73
21-Apr-12,Carlton,Essendon,79,109
20-Apr-12,St Kilda,Fremantle,79,92
15-Apr-12,North Melbourne,Geelong,131,114
15-Apr-12,Hawthorn,Adelaide,140,84
15-Apr-12,GWS Giants,West Coast,69,150
14-Apr-12,Gold Coast,Essendon,88,105
14-Apr-12,Western Bulldogs,St Kilda,40,103
14-Apr-12,Fremantle,Brisbane,64,35
14-Apr-12,Port Adelaide,Sydney,83,105
14-Apr-12,Richmond,Melbourne,133,74
13-Apr-12,Carlton,Collingwood,122,62
09-Apr-12,Geelong,Hawthorn,92,90
08-Apr-12,St Kilda,Gold Coast,139,47
08-Apr-12,North Melbourne,GWS Giants,183,54
07-Apr-12,Adelaide,Western Bulldogs,82,64
07-Apr-12,Collingwood,Richmond,85,64
07-Apr-12,West Coast,Melbourne,166,58
07-Apr-12,Sydney,Fremantle,94,81
07-Apr-12,Essendon,Port Adelaide,111,86
05-Apr-12,Brisbane,Carlton,63,154
01-Apr-12,Port Adelaide,St Kilda,89,85
01-Apr-12,Western Bulldogs,West Coast,87,136
31-Mar-12,North Melbourne,Essendon,102,104
31-Mar-12,Fremantle,Geelong,105,101
31-Mar-12,Gold Coast,Adelaide,68,137
31-Mar-12,Melbourne,Brisbane,78,119
30-Mar-12,Hawthorn,Collingwood,137,115
29-Mar-12,Richmond,Carlton,81,125
24-Mar-12,GWS Giants,Sydney,37,100
04-Sep-11,Richmond,North Melbourne,91,104
04-Sep-11,Port Adelaide,Melbourne,112,104
03-Sep-11,Carlton,St Kilda,66,86
03-Sep-11,West Coast,Adelaide,145,50
03-Sep-11,Sydney,Brisbane,119,67
03-Sep-11,Western Bulldogs,Fremantle,107,61
03-Sep-11,Gold Coast,Hawthorn,97,106
02-Sep-11,Collingwood,Geelong,53,149
28-Aug-11,Essendon,Port Adelaide,120,113
28-Aug-11,Melbourne,Gold Coast,112,82
28-Aug-11,Adelaide,Richmond,99,121
27-Aug-11,St Kilda,North Melbourne,135,70
27-Aug-11,Brisbane,West Coast,81,89
27-Aug-11,Geelong,Sydney,86,99
27-Aug-11,Hawthorn,Western Bulldogs,113,67
26-Aug-11,Fremantle,Collingwood,52,132
21-Aug-11,Melbourne,Richmond,110,117
21-Aug-11,Port Adelaide,Western Bulldogs,97,157
21-Aug-11,Sydney,St Kilda,83,68
20-Aug-11,Collingwood,Brisbane,102,84
20-Aug-11,North Melbourne,Fremantle,143,45
20-Aug-11,Gold Coast,Adelaide,64,125
20-Aug-11,West Coast,Essendon,134,77
19-Aug-11,Carlton,Hawthorn,66,78
14-Aug-11,Adelaide,Geelong,85,96
14-Aug-11,Richmond,Sydney,99,56
14-Aug-11,Melbourne,West Coast,62,110
13-Aug-11,Brisbane,Gold Coast,123,61
13-Aug-11,Western Bulldogs,Essendon,101,150
13-Aug-11,Hawthorn,Port Adelaide,197,32
13-Aug-11,Fremantle,Carlton,85,115
12-Aug-11,St Kilda,Collingwood,70,89
07-Aug-11,West Coast,Richmond,147,90
07-Aug-11,Hawthorn,North Melbourne,103,86
07-Aug-11,Brisbane,Adelaide,105,110
06-Aug-11,Essendon,Sydney,100,99
06-Aug-11,Port Adelaide,Collingwood,21,159
06-Aug-11,Carlton,Melbourne,134,58
06-Aug-11,Geelong,Gold Coast,188,38
05-Aug-11,St Kilda,Fremantle,113,72
31-Jul-11,Adelaide,Port Adelaide,111,79
31-Jul-11,Collingwood,Essendon,166,92
30-Jul-11,Gold Coast,St Kilda,54,74
30-Jul-11,Fremantle,Hawthorn,44,95
30-Jul-11,Geelong,Melbourne,233,47
30-Jul-11,Western Bulldogs,West Coast,95,103
29-Jul-11,North Melbourne,Carlton,62,80
24-Jul-11,Fremantle,West Coast,64,65
24-Jul-11,Melbourne,Hawthorn,78,132
24-Jul-11,Geelong,Richmond,113,51
23-Jul-11,Essendon,Carlton,79,153
23-Jul-11,Gold Coast,Collingwood,75,129
23-Jul-11,North Melbourne,Brisbane,122,77
23-Jul-11,Sydney,Western Bulldogs,114,75
22-Jul-11,St Kilda,Adelaide,127,24
17-Jul-11,North Melbourne,Western Bulldogs,142,111
17-Jul-11,Brisbane,Geelong,104,133
17-Jul-11,Sydney,Fremantle,87,98
16-Jul-11,Melbourne,Port Adelaide,113,92
16-Jul-11,St Kilda,West Coast,82,61
16-Jul-11,Richmond,Gold Coast,70,85
16-Jul-11,Carlton,Collingwood,79,98
15-Jul-11,Adelaide,Essendon,73,84
10-Jul-11,Western Bulldogs,Carlton,96,69
10-Jul-11,Port Adelaide,St Kilda,53,109
10-Jul-11,Collingwood,North Melbourne,147,30
09-Jul-11,Essendon,Richmond,105,66
09-Jul-11,Gold Coast,Sydney,36,106
09-Jul-11,Hawthorn,Brisbane,105,63
08-Jul-11,West Coast,Geelong,96,88
03-Jul-11,North Melbourne,St Kilda,70,79
03-Jul-11,Collingwood,Hawthorn,106,65
03-Jul-11,Brisbane,Port Adelaide,99,88
02-Jul-11,Adelaide,Sydney,57,50
02-Jul-11,Essendon,Geelong,115,111
02-Jul-11,Richmond,Carlton,81,184
02-Jul-11,Fremantle,Gold Coast,112,62
01-Jul-11,Western Bulldogs,Melbourne,127,63
26-Jun-11,Port Adelaide,North Melbourne,91,136
26-Jun-11,Carlton,West Coast,67,103
26-Jun-11,Geelong,Adelaide,125,73
25-Jun-11,Sydney,Collingwood,93,99
25-Jun-11,Fremantle,Brisbane,88,65
25-Jun-11,Richmond,Melbourne,91,118
25-Jun-11,Gold Coast,Western Bulldogs,88,110
24-Jun-11,Hawthorn,Essendon,146,81
19-Jun-11,West Coast,Port Adelaide,110,88
19-Jun-11,Carlton,Sydney,100,66
19-Jun-11,Melbourne,Fremantle,149,60
18-Jun-11,Brisbane,Richmond,94,125
18-Jun-11,St Kilda,Geelong,72,100
18-Jun-11,Hawthorn,Gold Coast,129,58
18-Jun-11,Essendon,North Melbourne,90,111
17-Jun-11,Western Bulldogs,Adelaide,100,70
13-Jun-11,Melbourne,Collingwood,41,129
12-Jun-11,Fremantle,Essendon,98,64
12-Jun-11,Sydney,Richmond,75,65
12-Jun-11,Carlton,Brisbane,124,63
11-Jun-11,Geelong,Hawthorn,88,83
11-Jun-11,Gold Coast,North Melbourne,63,122
11-Jun-11,Adelaide,West Coast,67,106
10-Jun-11,St Kilda,Western Bulldogs,81,57
05-Jun-11,Port Adelaide,Carlton,49,111
05-Jun-11,North Melbourne,Adelaide,115,68
05-Jun-11,Hawthorn,Fremantle,111,89
04-Jun-11,Brisbane,Sydney,51,116
04-Jun-11,Collingwood,St Kilda,108,51
04-Jun-11,Geelong,Western Bulldogs,148,87
04-Jun-11,West Coast,Gold Coast,85,67
03-Jun-11,Essendon,Melbourne,68,101
29-May-11,Western Bulldogs,Hawthorn,62,91
29-May-11,Collingwood,West Coast,105,53
29-May-11,Adelaide,Brisbane,61,101
28-May-11,Richmond,Port Adelaide,74,89
28-May-11,Gold Coast,Geelong,73,139
28-May-11,North Melbourne,Sydney,71,72
28-May-11,Fremantle,St Kilda,56,102
27-May-11,Melbourne,Carlton,46,93
22-May-11,West Coast,Western Bulldogs,175,52
22-May-11,Sydney,Hawthorn,60,106
22-May-11,Collingwood,Adelaide,135,92
21-May-11,Brisbane,North Melbourne,73,59
21-May-11,Richmond,Essendon,105,89
21-May-11,Port Adelaide,Fremantle,90,142
21-May-11,St Kilda,Melbourne,106,86
20-May-11,Carlton,Geelong,100,102
15-May-11,West Coast,Fremantle,96,63
15-May-11,Western Bulldogs,Richmond,153,118
15-May-11,Hawthorn,St Kilda,99,69
14-May-11,Sydney,Port Adelaide,121,59
14-May-11,Brisbane,Essendon,66,102
14-May-11,Adelaide,Gold Coast,130,73
14-May-11,North Melbourne,Melbourne,124,83
13-May-11,Geelong,Collingwood,65,62
09-May-11,St Kilda,Carlton,81,84
08-May-11,Melbourne,Adelaide,149,53
08-May-11,Essendon,West Coast,106,90
07-May-11,Gold Coast,Brisbane,124,116
07-May-11,Richmond,Fremantle,148,99
07-May-11,Geelong,North Melbourne,127,61
07-May-11,Western Bulldogs,Sydney,65,73
06-May-11,Port Adelaide,Hawthorn,72,104
01-May-11,Collingwood,Western Bulldogs,105,57
01-May-11,Essendon,Gold Coast,197,58
30-Apr-11,Adelaide,St Kilda,90,71
30-Apr-11,Richmond,Brisbane,124,98
30-Apr-11,North Melbourne,Port Adelaide,133,73
29-Apr-11,Sydney,Carlton,71,87
28-Apr-11,West Coast,Melbourne,106,52
26-Apr-11,Hawthorn,Geelong,98,117
25-Apr-11,Fremantle,Western Bulldogs,85,78
25-Apr-11,Essendon,Collingwood,77,107
24-Apr-11,North Melbourne,Richmond,103,112
23-Apr-11,Carlton,Adelaide,85,79
23-Apr-11,Port Adelaide,Gold Coast,101,104
21-Apr-11,Brisbane,St Kilda,76,89
17-Apr-11,Fremantle,North Melbourne,127,98
17-Apr-11,Gold Coast,Melbourne,69,159
16-Apr-11,Port Adelaide,Adelaide,98,66
16-Apr-11,Sydney,Geelong,54,81
16-Apr-11,Hawthorn,West Coast,72,65
16-Apr-11,Carlton,Essendon,79,79
15-Apr-11,Richmond,Collingwood,90,161
10-Apr-11,St Kilda,Essendon,84,136
10-Apr-11,Geelong,Port Adelaide,122,43
10-Apr-11,Melbourne,Brisbane,82,71
09-Apr-11,Richmond,Hawthorn,52,115
09-Apr-11,West Coast,Sydney,88,101
09-Apr-11,Adelaide,Fremantle,54,79
09-Apr-11,Western Bulldogs,Gold Coast,122,51
08-Apr-11,Collingwood,Carlton,102,74
03-Apr-11,Hawthorn,Melbourne,122,77
03-Apr-11,Sydney,Essendon,98,93
03-Apr-11,Western Bulldogs,Brisbane,123,45
02-Apr-11,Gold Coast,Carlton,52,171
02-Apr-11,Fremantle,Geelong,78,89
02-Apr-11,Port Adelaide,West Coast,98,116
02-Apr-11,North Melbourne,Collingwood,56,143
01-Apr-11,St Kilda,Richmond,95,95
27-Mar-11,West Coast,North Melbourne,92,88
27-Mar-11,Melbourne,Sydney,84,84
27-Mar-11,Essendon,Western Bulldogs,113,58
26-Mar-11,Brisbane,Fremantle,92,94
26-Mar-11,Adelaide,Hawthorn,105,85
26-Mar-11,Collingwood,Port Adelaide,155,80
25-Mar-11,Geelong,St Kilda,48,47
24-Mar-11,Carlton,Richmond,104,84
29-Aug-10,Melbourne,North Melbourne,103,113
29-Aug-10,Richmond,Port Adelaide,112,122
28-Aug-10,Western Bulldogs,Essendon,107,78
28-Aug-10,Brisbane,Sydney,68,106
28-Aug-10,Adelaide,St Kilda,65,37
28-Aug-10,Hawthorn,Collingwood,98,95
28-Aug-10,Geelong,West Coast,112,68
27-Aug-10,Fremantle,Carlton,93,87
22-Aug-10,West Coast,North Melbourne,94,110
22-Aug-10,Essendon,Brisbane,68,95
22-Aug-10,Port Adelaide,Melbourne,112,83
21-Aug-10,Collingwood,Adelaide,54,51
21-Aug-10,Sydney,Western Bulldogs,114,70
21-Aug-10,St Kilda,Richmond,115,94
21-Aug-10,Hawthorn,Fremantle,155,39
20-Aug-10,Geelong,Carlton,121,79
15-Aug-10,North Melbourne,St Kilda,63,115
15-Aug-10,Hawthorn,Melbourne,99,78
15-Aug-10,Brisbane,Adelaide,97,104
14-Aug-10,Port Adelaide,West Coast,61,60
14-Aug-10,Western Bulldogs,Geelong,60,161
14-Aug-10,Carlton,Richmond,156,67
14-Aug-10,Fremantle,Sydney,87,96
13-Aug-10,Essendon,Collingwood,64,162
08-Aug-10,Adelaide,Western Bulldogs,53,61
08-Aug-10,Melbourne,Richmond,109,80
08-Aug-10,St Kilda,Port Adelaide,151,57
07-Aug-10,Geelong,Collingwood,85,107
07-Aug-10,West Coast,Brisbane,65,70
07-Aug-10,North Melbourne,Fremantle,123,69
07-Aug-10,Sydney,Hawthorn,129,85
06-Aug-10,Essendon,Carlton,73,149
01-Aug-10,Fremantle,West Coast,160,85
01-Aug-10,Western Bulldogs,North Melbourne,143,72
01-Aug-10,Richmond,Adelaide,100,80
31-Jul-10,Brisbane,Melbourne,64,74
31-Jul-10,Sydney,Geelong,72,125
31-Jul-10,Port Adelaide,Hawthorn,92,84
31-Jul-10,Collingwood,Carlton,105,57
30-Jul-10,Essendon,St Kilda,108,75
25-Jul-10,Port Adelaide,Adelaide,88,69
25-Jul-10,Melbourne,Sydney,142,69
25-Jul-10,Western Bulldogs,Fremantle,158,76
24-Jul-10,North Melbourne,Essendon,119,122
24-Jul-10,West Coast,Carlton,83,109
24-Jul-10,Geelong,Brisbane,127,64
24-Jul-10,Collingwood,Richmond,127,45
23-Jul-10,St Kilda,Hawthorn,87,87
18-Jul-10,Fremantle,Melbourne,82,71
18-Jul-10,Richmond,North Melbourne,53,103
18-Jul-10,Carlton,Sydney,68,107
17-Jul-10,Western Bulldogs,Port Adelaide,83,47
17-Jul-10,Essendon,West Coast,100,132
17-Jul-10,Hawthorn,Brisbane,118,43
17-Jul-10,Collingwood,St Kilda,100,52
16-Jul-10,Adelaide,Geelong,74,63
11-Jul-10,Carlton,Western Bulldogs,58,126
11-Jul-10,Melbourne,Essendon,122,103
11-Jul-10,Sydney,North Melbourne,85,55
10-Jul-10,Richmond,Fremantle,100,81
10-Jul-10,Brisbane,St Kilda,65,79
10-Jul-10,Geelong,Hawthorn,85,83
10-Jul-10,West Coast,Adelaide,95,117
09-Jul-10,Port Adelaide,Collingwood,79,105
04-Jul-10,St Kilda,Melbourne,100,65
04-Jul-10,Richmond,Sydney,89,85
04-Jul-10,Geelong,North Melbourne,98,63
03-Jul-10,Adelaide,Essendon,124,40
03-Jul-10,Collingwood,West Coast,135,52
03-Jul-10,Fremantle,Port Adelaide,115,58
02-Jul-10,Hawthorn,Western Bulldogs,79,76
01-Jul-10,Carlton,Brisbane,120,65
27-Jun-10,Adelaide,Melbourne,117,73
26-Jun-10,Sydney,Collingwood,71,96
25-Jun-10,St Kilda,Geelong,70,46
20-Jun-10,West Coast,Western Bulldogs,59,119
20-Jun-10,North Melbourne,Port Adelaide,129,93
19-Jun-10,Brisbane,Richmond,86,105
19-Jun-10,Carlton,Fremantle,87,96
18-Jun-10,Hawthorn,Essendon,102,86
14-Jun-10,Melbourne,Collingwood,76,76
13-Jun-10,Fremantle,St Kilda,67,85
13-Jun-10,Western Bulldogs,Brisbane,121,56
13-Jun-10,Richmond,West Coast,126,77
12-Jun-10,Port Adelaide,Sydney,55,93
12-Jun-10,Essendon,Geelong,83,154
12-Jun-10,Hawthorn,Adelaide,124,77
11-Jun-10,North Melbourne,Carlton,97,68
06-Jun-10,Collingwood,Western Bulldogs,113,103
06-Jun-10,Hawthorn,Port Adelaide,74,63
06-Jun-10,Sydney,Essendon,89,80
05-Jun-10,North Melbourne,Brisbane,90,89
05-Jun-10,West Coast,Geelong,98,122
05-Jun-10,Adelaide,Fremantle,105,82
05-Jun-10,Carlton,Melbourne,101,60
04-Jun-10,Richmond,St Kilda,59,97
30-May-10,Fremantle,North Melbourne,139,78
30-May-10,Carlton,West Coast,105,76
30-May-10,Hawthorn,Sydney,79,77
29-May-10,St Kilda,Adelaide,123,76
29-May-10,Brisbane,Collingwood,88,80
29-May-10,Port Adelaide,Richmond,30,77
29-May-10,Geelong,Melbourne,121,67
28-May-10,Essendon,Western Bulldogs,99,90
23-May-10,West Coast,St Kilda,56,91
23-May-10,Carlton,Hawthorn,60,110
23-May-10,Adelaide,Brisbane,93,81
22-May-10,Essendon,Richmond,130,95
22-May-10,Melbourne,Port Adelaide,111,110
22-May-10,Sydney,Fremantle,63,100
22-May-10,North Melbourne,Western Bulldogs,57,127
21-May-10,Collingwood,Geelong,50,86
16-May-10,St Kilda,Essendon,81,93
16-May-10,Port Adelaide,Carlton,92,118
16-May-10,Richmond,Hawthorn,86,89
15-May-10,North Melbourne,Adelaide,84,75
15-May-10,Brisbane,Geelong,74,155
15-May-10,Melbourne,West Coast,46,75
15-May-10,Western Bulldogs,Sydney,101,63
14-May-10,Fremantle,Collingwood,97,133
10-May-10,St Kilda,Carlton,68,129
09-May-10,Adelaide,Richmond,104,54
09-May-10,Geelong,Sydney,126,59
08-May-10,Collingwood,North Melbourne,157,91
08-May-10,Brisbane,Fremantle,100,113
08-May-10,Essendon,Port Adelaide,106,109
08-May-10,West Coast,Hawthorn,102,94
07-May-10,Melbourne,Western Bulldogs,66,70
02-May-10,West Coast,Fremantle,73,111
02-May-10,Carlton,Collingwood,102,155
02-May-10,Geelong,Richmond,161,53
01-May-10,Sydney,Brisbane,107,87
01-May-10,Essendon,Hawthorn,106,63
01-May-10,Adelaide,Port Adelaide,74,97
01-May-10,North Melbourne,Melbourne,104,78
30-Apr-10,Western Bulldogs,St Kilda,46,49
26-Apr-10,Carlton,Geelong,104,68
25-Apr-10,Fremantle,Richmond,112,73
25-Apr-10,Hawthorn,North Melbourne,70,82
25-Apr-10,Collingwood,Essendon,120,55
24-Apr-10,Port Adelaide,St Kilda,54,44
24-Apr-10,Melbourne,Brisbane,103,53
24-Apr-10,Sydney,West Coast,115,63
23-Apr-10,Western Bulldogs,Adelaide,121,72
18-Apr-10,St Kilda,Fremantle,108,93
18-Apr-10,Geelong,Port Adelaide,159,64
18-Apr-10,Richmond,Melbourne,78,133
17-Apr-10,Collingwood,Hawthorn,123,59
17-Apr-10,Brisbane,Western Bulldogs,101,79
17-Apr-10,Adelaide,Carlton,55,103
17-Apr-10,North Melbourne,Sydney,60,100
16-Apr-10,West Coast,Essendon,101,78
11-Apr-10,Fremantle,Geelong,125,118
11-Apr-10,Western Bulldogs,Hawthorn,100,84
11-Apr-10,Melbourne,Adelaide,57,41
10-Apr-10,Sydney,Richmond,111,56
10-Apr-10,Carlton,Essendon,75,95
10-Apr-10,Port Adelaide,Brisbane,81,108
10-Apr-10,North Melbourne,West Coast,116,91
09-Apr-10,St Kilda,Collingwood,69,41
05-Apr-10,Hawthorn,Geelong,91,100
04-Apr-10,Richmond,Western Bulldogs,48,120
04-Apr-10,Essendon,Fremantle,69,113
04-Apr-10,Adelaide,Sydney,75,118
03-Apr-10,St Kilda,North Melbourne,143,39
03-Apr-10,West Coast,Port Adelaide,86,89
03-Apr-10,Collingwood,Melbourne,86,85
01-Apr-10,Brisbane,Carlton,107,88
28-Mar-10,Fremantle,Adelaide,118,62
28-Mar-10,Western Bulldogs,Collingwood,93,129
28-Mar-10,Port Adelaide,North Melbourne,96,82
27-Mar-10,Brisbane,West Coast,114,82
27-Mar-10,Sydney,St Kilda,88,96
27-Mar-10,Melbourne,Hawthorn,61,117
26-Mar-10,Geelong,Essendon,125,94
25-Mar-10,Richmond,Carlton,64,120